Cycle Nr.	1	2	3	4	5	6	7	8	9	10	11	12	13	14	15	16	17	18	19	20	21	22	23	24	25	26	27	28	29	30	31	32	33	34	35	36	37	38	39	40	41	42	43	44	45	46	47	48	49	50	51	52	53	54	55	56	57	58	59	60	61	62	63	64	65	66	67	68	69	70	71	72	73	74	75	76	77	78	79	80
Time [s]	0	880	1759.9	2639.9	3520	4400	5279.9	6159.9	7039.9	7919.8	8799.8	9679.8	10559.7	11439.7	12319.7	13199.6	14079.6	14959.6	15839.5	16719.5	17599.5	18479.4	19359.4	20239.4	21119.3	21999.3	22879.2	23759.2	24639.2	25519.1	26399.1	27279.1	28159	29039	29919	30798.9	31678.9	32558.9	33438.8	34318.8	35198.8	36078.8	36959	37838.9	38718.9	39598.9	40478.8	41358.8	42238.8	43118.7	43998.7	44878.7	45759	46638.9	47518.9	48398.8	49278.8	50158.8	51038.7	51918.7	52798.6	53678.6	54558.6																	
Temp. [Â°C]	23.4	37.5	37	37.3	37.3	37.3	37.7	37.3	36.9	36.8	36.9	37.1	37.4	37.6	37.7	37.1	36.9	37.3	37.6	37.7	37.3	36.8	36.9	37.2	37.4	37.6	37.7	37.7	37.7	37.7	37.7	37.7	37.7	37.7	37.7	37.7	37.6	37.5	37.3	37.1	36.9	37.1	37.7	37.7	37.3	37	37	37.7	37.5	37.1	37	37.7	37.5	37	37.2	37.7	37.6	37.4	37.2	37	36.9	36.9	36.9																	
A1	0.0854	0.0862	0.0863	0.0865	0.0877	0.0891	0.0917	0.0953	0.1008	0.1079	0.1194	0.1396	0.1708	0.2202	0.2914	0.3583	0.444	0.5032	0.5496	0.57	0.5768	0.5881	0.6035	0.6183	0.6261	0.6336	0.6382	0.6502	0.6499	0.6579	0.6646	0.6667	0.6739	0.6786	0.6879	0.6863	0.6912	0.6948	0.6996	0.7013	0.714	0.7194	0.7223	0.724	0.7266	0.729	0.7309	0.7242	0.7174	0.7178	0.7156	0.71	0.7014	0.7047	0.6978	0.6973	0.6939	0.6934	0.6929	0.691	0.6921	0.6851	0.6868																	
A2	0.0856	0.0854	0.0861	0.0848	0.0852	0.0858	0.0873	0.0885	0.0914	0.0953	0.1009	0.1099	0.1241	0.1474	0.1769	0.2261	0.2528	0.3226	0.3915	0.4455	0.4842	0.4908	0.4957	0.4974	0.4989	0.4949	0.4879	0.4817	0.4747	0.4666	0.4622	0.4558	0.452	0.4481	0.4511	0.4547	0.4632	0.4687	0.4761	0.4542	0.463	0.4395	0.443	0.4526	0.4506	0.4867	0.4826	0.5168	0.5304	0.509	0.4978	0.4994	0.4905	0.4908	0.4892	0.494	0.4842	0.4894	0.4855	0.4857	0.4844	0.4813	0.4818																	
A3	0.0891	0.088	0.0876	0.0873	0.0888	0.0905	0.0918	0.0951	0.1006	0.1068	0.1178	0.1354	0.1606	0.2049	0.2635	0.3402	0.4299	0.4825	0.5295	0.5527	0.55	0.5569	0.5735	0.5877	0.5977	0.6058	0.6146	0.6207	0.6244	0.629	0.6318	0.6342	0.6395	0.6446	0.6487	0.6516	0.6522	0.6591	0.6605	0.6687	0.6779	0.6788	0.6878	0.6857	0.6951	0.6961	0.6969	0.7006	0.7002	0.7115	0.7141	0.7204	0.7152	0.7105	0.7103	0.7063	0.7034	0.7075	0.7025	0.7022	0.699	0.6915	0.6948																	
A4	0.0875	0.0873	0.0868	0.0865	0.0886	0.0904	0.0937	0.0972	0.1031	0.1109	0.1197	0.1324	0.1501	0.1763	0.2044	0.2436	0.2865	0.3212	0.3391	0.3265	0.3108	0.3234	0.3516	0.3709	0.3891	0.3852	0.3942	0.4005	0.4008	0.3996	0.4092	0.4092	0.4144	0.4184	0.4219	0.4257	0.4343	0.4342	0.4463	0.462	0.4633	0.4662	0.4813	0.4773	0.4897	0.4978	0.4958	0.5024	0.5004	0.5134	0.5137	0.5101	0.5086	0.5193	0.5232	0.523	0.5271	0.5298	0.5386	0.5388	0.5384	0.5348	0.543																	
A5	0.0893	0.0879	0.089	0.0888	0.0903	0.0923	0.096	0.1009	0.1084	0.1196	0.1369	0.1603	0.1972	0.258	0.3284	0.3855	0.4472	0.5009	0.5232	0.5337	0.549	0.5594	0.5741	0.5755	0.5866	0.5903	0.604	0.6065	0.6137	0.6145	0.6236	0.6231	0.6342	0.627	0.6333	0.6316	0.6412	0.6349	0.6494	0.6453	0.6527	0.6589	0.6548	0.6629	0.6606	0.6637	0.6678	0.6703	0.6605	0.6636	0.6558	0.6562	0.645	0.6473	0.6421	0.6403	0.6355	0.6328	0.6333	0.6312	0.63	0.6213	0.6251																	
A6	0.089	0.088	0.0878	0.0874	0.0882	0.089	0.0906	0.0914	0.094	0.0963	0.0987	0.1013	0.1062	0.1124	0.1165	0.1219	0.1282	0.1335	0.1385	0.1401	0.1456	0.1422	0.1397	0.1387	0.1398	0.1369	0.136	0.1379	0.1359	0.1357	0.1334	0.1332	0.1289	0.126	0.1236	0.1211	0.1192	0.1166	0.1143	0.1126	0.1104	0.1101	0.1089	0.1078	0.1068	0.1066	0.1062	0.1054	0.1054	0.1053	0.1044	0.1036	0.1037	0.1022	0.1013	0.1017	0.1006	0.0999	0.1012	0.1001	0.0994	0.0984	0.0992																	
A7	0.0855	0.0849	0.0858	0.0856	0.0869	0.0886	0.093	0.0949	0.1015	0.1112	0.1296	0.156	0.2003	0.2694	0.3399	0.413	0.4758	0.5294	0.5597	0.5692	0.5801	0.5893	0.6003	0.6095	0.6161	0.6182	0.6157	0.6151	0.6139	0.6137	0.6197	0.6114	0.6119	0.6169	0.6097	0.6064	0.6048	0.6026	0.6009	0.6059	0.6033	0.5941	0.5961	0.5779	0.5779	0.5721	0.5692	0.5627	0.5483	0.5381	0.5287	0.5154	0.4987	0.493	0.4834	0.4732	0.4698	0.4663	0.4521	0.4434	0.4313	0.425	0.4076																	
A8	0.0875	0.0864	0.0865	0.0869	0.0869	0.0878	0.0885	0.0894	0.0916	0.0944	0.0989	0.1062	0.1178	0.1372	0.1621	0.2038	0.2475	0.2971	0.3629	0.4163	0.4621	0.4914	0.4947	0.4967	0.5007	0.5023	0.5008	0.4976	0.4922	0.4843	0.4797	0.4718	0.4661	0.4582	0.4531	0.4453	0.4418	0.4372	0.4395	0.4421	0.4476	0.4484	0.4476	0.4513	0.4543	0.4484	0.4407	0.4341	0.4275	0.4483	0.4479	0.4515	0.3791	0.4553	0.5292	0.5082	0.5079	0.5012	0.4997	0.4946	0.4923	0.481	0.4861																	
A9	0.0857	0.0845	0.0853	0.0849	0.0857	0.0879	0.0907	0.0928	0.0988	0.1086	0.123	0.1425	0.1801	0.2424	0.3114	0.3848	0.4429	0.4948	0.5312	0.551	0.5536	0.5653	0.5746	0.5838	0.5958	0.6166	0.6151	0.6321	0.632	0.6286	0.6364	0.6366	0.6388	0.6462	0.6468	0.6441	0.6504	0.662	0.649	0.6605	0.6629	0.6671	0.6705	0.6722	0.6753	0.6768	0.6789	0.6791	0.6766	0.6875	0.6905	0.6982	0.6861	0.6904	0.6869	0.6806	0.6804	0.6745	0.6813	0.6707	0.6705	0.6685	0.6682																	
A10	0.0961	0.0964	0.0968	0.0945	0.0934	0.0952	0.0984	0.0987	0.1035	0.1098	0.1195	0.1333	0.1584	0.1973	0.256	0.3254	0.3762	0.4315	0.492	0.5222	0.5404	0.5387	0.5422	0.5505	0.5563	0.5593	0.5678	0.5709	0.5829	0.5927	0.6008	0.6084	0.6252	0.6231	0.6298	0.6364	0.6439	0.6409	0.6511	0.6532	0.6633	0.6704	0.6668	0.6725	0.6732	0.6777	0.6847	0.6838	0.6872	0.6915	0.6909	0.6983	0.6927	0.6999	0.7003	0.7053	0.7019	0.7073	0.7149	0.7182	0.7169	0.7095	0.7167																	
A11	0.0883	0.0879	0.0883	0.0902	0.0896	0.0916	0.0931	0.0955	0.0997	0.1059	0.1163	0.1311	0.1578	0.1987	0.2539	0.3311	0.3971	0.4602	0.5247	0.5594	0.5773	0.5881	0.5999	0.607	0.624	0.6285	0.6332	0.638	0.6408	0.6447	0.6476	0.6489	0.655	0.6581	0.6566	0.6554	0.6602	0.6636	0.6633	0.6651	0.6707	0.6733	0.6731	0.6749	0.674	0.6756	0.6768	0.678	0.6786	0.6891	0.6845	0.6813	0.6723	0.6726	0.6686	0.6686	0.664	0.6637	0.6623	0.6606	0.6593	0.6538	0.6555																	
A12	0.0884	0.0872	0.0866	0.0874	0.0881	0.0876	0.0898	0.0884	0.09	0.0903	0.0951	0.0929	0.096	0.0991	0.1008	0.1067	0.1052	0.1085	0.1123	0.1112	0.113	0.1131	0.1129	0.1125	0.1138	0.1131	0.1131	0.114	0.1152	0.1176	0.1143	0.1148	0.1158	0.1144	0.1144	0.1139	0.1144	0.1142	0.1137	0.1134	0.1143	0.1133	0.1139	0.1131	0.1109	0.11	0.1096	0.1094	0.1086	0.1085	0.1086	0.1064	0.1063	0.1054	0.1062	0.1049	0.1049	0.1058	0.1057	0.1061	0.1053	0.1063	0.1056																	
B1	0.0867	0.1039	0.0845	0.0879	0.0864	0.0872	0.0909	0.0949	0.1002	0.1105	0.1359	0.1406	0.1768	0.2264	0.2934	0.3617	0.4556	0.5207	0.5604	0.574	0.5739	0.5938	0.6102	0.6186	0.6309	0.6365	0.6406	0.6497	0.6626	0.6644	0.6657	0.6773	0.6817	0.6818	0.6927	0.6932	0.6936	0.6969	0.7031	0.7043	0.718	0.7202	0.7236	0.7227	0.7271	0.7317	0.7382	0.7365	0.7296	0.729	0.7223	0.72	0.7075	0.7082	0.7059	0.7053	0.7018	0.7006	0.7041	0.6993	0.6963	0.6944	0.6933																	
B2	0.0875	0.0884	0.0875	0.0871	0.0876	0.0882	0.0896	0.0912	0.0934	0.0976	0.1032	0.1122	0.1267	0.1487	0.1767	0.2242	0.2535	0.3164	0.3831	0.4469	0.4834	0.4905	0.4965	0.4986	0.5008	0.4973	0.4934	0.4888	0.4837	0.4778	0.4755	0.4715	0.4698	0.4667	0.466	0.4628	0.4652	0.4681	0.4797	0.4605	0.4532	0.4164	0.459	0.503	0.4844	0.4467	0.4389	0.4846	0.4838	0.5031	0.4981	0.4971	0.4911	0.4937	0.4935	0.4931	0.4937	0.4915	0.4947	0.4963	0.4958	0.4908	0.4963																	
B3	0.0848	0.0849	0.0867	0.0866	0.0852	0.0944	0.0927	0.0975	0.108	0.1101	0.1164	0.1329	0.1639	0.2096	0.2618	0.3443	0.4294	0.4864	0.5327	0.5499	0.5512	0.5633	0.5797	0.5979	0.6126	0.614	0.6233	0.6417	0.6533	0.6437	0.6423	0.6458	0.653	0.6629	0.6672	0.6629	0.6651	0.6845	0.6846	0.6791	0.7081	0.713	0.7152	0.7145	0.7231	0.7233	0.7247	0.7304	0.7303	0.7439	0.7329	0.7418	0.7457	0.7399	0.7461	0.7406	0.7389	0.7396	0.7418	0.7311	0.7341	0.7184	0.7258																	
B4	0.0868	0.0879	0.0887	0.0894	0.0895	0.0924	0.0967	0.099	0.105	0.1114	0.1212	0.132	0.1495	0.1773	0.2092	0.2467	0.2937	0.3348	0.341	0.3207	0.3226	0.3371	0.3473	0.367	0.3842	0.3915	0.3978	0.4137	0.4157	0.4166	0.4265	0.4242	0.4392	0.4362	0.4434	0.4472	0.4529	0.4596	0.4692	0.4732	0.4877	0.4958	0.4969	0.5069	0.5073	0.514	0.5174	0.5198	0.5208	0.5288	0.5336	0.5386	0.5353	0.5439	0.5475	0.5497	0.5546	0.5517	0.557	0.5604	0.5641	0.5612	0.5669																	
B5	0.0954	0.0875	0.1003	0.0893	0.0879	0.0896	0.0968	0.095	0.1022	0.1103	0.1231	0.1394	0.1691	0.2154	0.2707	0.3435	0.41	0.4769	0.5164	0.5392	0.563	0.5639	0.5766	0.5778	0.5968	0.6098	0.6113	0.6188	0.6229	0.6248	0.6274	0.6287	0.6381	0.635	0.6389	0.6384	0.6368	0.6428	0.6447	0.6485	0.6613	0.6635	0.6651	0.6678	0.6699	0.6696	0.6715	0.6741	0.676	0.6812	0.6872	0.6865	0.6737	0.6703	0.6728	0.67	0.6719	0.6677	0.6731	0.6719	0.665	0.6586	0.6658																	
B6	0.0895	0.0886	0.0885	0.0913	0.088	0.1067	0.1004	0.0916	0.1089	0.0958	0.1066	0.105	0.1201	0.1126	0.1335	0.1283	0.1371	0.1504	0.1558	0.1557	0.1629	0.1615	0.1588	0.1579	0.1656	0.155	0.1586	0.1575	0.1544	0.1579	0.1624	0.1562	0.1557	0.1553	0.152	0.1527	0.1504	0.1522	0.153	0.1534	0.1477	0.147	0.1448	0.1455	0.1432	0.1437	0.142	0.1417	0.1388	0.1404	0.1401	0.139	0.137	0.1393	0.1371	0.1374	0.1371	0.138	0.1394	0.1409	0.1423	0.1438	0.1492																	
B7	0.086	0.0861	0.086	0.0856	0.0901	0.0886	0.1065	0.0955	0.1029	0.1177	0.1349	0.1735	0.2089	0.276	0.3517	0.4369	0.5027	0.5542	0.587	0.5925	0.6092	0.6218	0.6319	0.6377	0.6491	0.6495	0.6505	0.66	0.668	0.6665	0.6786	0.6731	0.6857	0.6836	0.6903	0.688	0.6905	0.6953	0.7025	0.7003	0.7094	0.7132	0.7131	0.7192	0.7166	0.718	0.7231	0.7192	0.7136	0.7159	0.7085	0.7086	0.7014	0.6921	0.6935	0.6947	0.6952	0.69	0.6866	0.6909	0.688	0.6812	0.6815																	
B8	0.0883	0.0885	0.0898	0.0886	0.0889	0.0897	0.0903	0.0909	0.0933	0.0955	0.0995	0.107	0.1171	0.1354	0.1584	0.1971	0.2513	0.2889	0.3654	0.4367	0.4538	0.549	0.5614	0.5616	0.5632	0.5624	0.558	0.5525	0.5444	0.5361	0.5303	0.5218	0.5162	0.5095	0.5046	0.4965	0.4933	0.4881	0.4882	0.4898	0.4944	0.4953	0.4955	0.4985	0.4941	0.4861	0.496	0.4786	0.4664	0.4901	0.5157	0.4882	0.4727	0.458	0.4686	0.5091	0.5059	0.5065	0.5087	0.5098	0.5059	0.5016	0.5072																	
B9	0.0858	0.0858	0.085	0.0845	0.086	0.0872	0.0888	0.0923	0.1068	0.1093	0.1148	0.1346	0.1632	0.2167	0.2824	0.3684	0.4507	0.4996	0.5528	0.5632	0.5733	0.5799	0.5989	0.6022	0.6113	0.6274	0.6201	0.6495	0.6509	0.6502	0.6583	0.6659	0.6643	0.6758	0.6781	0.6646	0.6933	0.6987	0.6995	0.7084	0.7197	0.7116	0.7298	0.7337	0.7364	0.7521	0.7433	0.7441	0.7541	0.7721	0.7585	0.7631	0.7587	0.7679	0.756	0.7626	0.7676	0.7477	0.7599	0.7461	0.7437	0.7465	0.7389																	
B10	0.0887	0.0894	0.0887	0.0888	0.0895	0.0906	0.0922	0.0928	0.097	0.1013	0.1081	0.118	0.1341	0.1611	0.1985	0.2536	0.3308	0.3862	0.4442	0.5001	0.5285	0.5433	0.5418	0.5453	0.552	0.5584	0.5674	0.5762	0.5865	0.5914	0.6009	0.6104	0.622	0.6305	0.6355	0.6405	0.6494	0.6545	0.6571	0.6675	0.6772	0.6841	0.6882	0.6883	0.6946	0.699	0.7063	0.7106	0.7172	0.7275	0.7232	0.7212	0.7215	0.7228	0.7232	0.7327	0.7299	0.741	0.7542	0.7461	0.7453	0.7429	0.7427																	
B11	0.0872	0.0874	0.0863	0.086	0.0865	0.0874	0.0889	0.0908	0.0945	0.1	0.1088	0.1206	0.1423	0.176	0.2279	0.2967	0.3714	0.4416	0.4991	0.5416	0.574	0.5816	0.5935	0.6068	0.6171	0.624	0.6296	0.6354	0.6389	0.645	0.648	0.6489	0.6552	0.6583	0.6599	0.6593	0.6676	0.6712	0.6724	0.6799	0.6866	0.6897	0.6937	0.6916	0.6976	0.6968	0.7013	0.6994	0.7069	0.7135	0.7095	0.7112	0.7036	0.6946	0.6925	0.6938	0.694	0.6908	0.6986	0.6897	0.6888	0.6841	0.6854																	
B12	0.0861	0.0864	0.0862	0.0861	0.0865	0.0871	0.0881	0.0879	0.0888	0.0899	0.0905	0.0916	0.094	0.0965	0.0989	0.1025	0.1049	0.107	0.1111	0.1114	0.1134	0.115	0.1138	0.1132	0.1145	0.1148	0.1146	0.1155	0.1169	0.1158	0.1152	0.1158	0.1164	0.1155	0.1152	0.1155	0.1153	0.1169	0.1155	0.1157	0.1155	0.1162	0.1173	0.1165	0.1152	0.1146	0.1147	0.115	0.1147	0.1151	0.1131	0.114	0.114	0.1137	0.1134	0.1133	0.1142	0.1165	0.1179	0.1198	0.123	0.1257	0.1316																	
C1	0.0857	0.0857	0.0858	0.0858	0.0869	0.0884	0.0906	0.0939	0.0995	0.1087	0.1211	0.1373	0.1693	0.2158	0.2818	0.3518	0.4288	0.4949	0.5472	0.569	0.5741	0.5898	0.6081	0.6165	0.6294	0.6328	0.6413	0.6479	0.6545	0.6574	0.6703	0.6705	0.6801	0.6846	0.6877	0.6938	0.7015	0.7021	0.7062	0.7107	0.7192	0.7217	0.7267	0.7288	0.7286	0.725	0.7219	0.7156	0.7113	0.711	0.7104	0.7068	0.6965	0.6983	0.6949	0.6951	0.6925	0.6899	0.6926	0.6899	0.6897	0.6818	0.686																	
C2	0.0896	0.0898	0.0895	0.0904	0.0896	0.0904	0.0916	0.093	0.0958	0.0999	0.1055	0.1149	0.1296	0.1535	0.182	0.2297	0.261	0.3288	0.3968	0.4534	0.4697	0.4729	0.4785	0.4807	0.4827	0.4818	0.4784	0.4756	0.471	0.4656	0.4625	0.4574	0.4547	0.4501	0.4554	0.4602	0.4673	0.4735	0.4729	0.4666	0.4493	0.4382	0.4459	0.4473	0.456	0.4434	0.4516	0.4427	0.5022	0.463	0.5066	0.5008	0.4944	0.4966	0.4973	0.4983	0.4976	0.497	0.4981	0.4999	0.4978	0.492	0.4971																	
C3	0.0878	0.0872	0.0873	0.088	0.0878	0.0899	0.0915	0.0944	0.1004	0.1079	0.1199	0.1377	0.1662	0.2105	0.2704	0.3582	0.4369	0.4951	0.5354	0.5531	0.5541	0.5718	0.5852	0.6011	0.6141	0.6188	0.6249	0.6326	0.638	0.642	0.6465	0.6497	0.6582	0.664	0.6691	0.6671	0.6706	0.6773	0.6811	0.6862	0.7239	0.727	0.7228	0.7187	0.7259	0.7309	0.7363	0.7397	0.7398	0.7592	0.7451	0.7512	0.7495	0.744	0.7485	0.7367	0.7374	0.7425	0.7477	0.7264	0.7265	0.7243	0.7322																	
C4	0.087	0.0871	0.0868	0.0875	0.0883	0.0904	0.093	0.0958	0.1005	0.1068	0.1155	0.1247	0.1402	0.1601	0.1822	0.2255	0.2717	0.3141	0.3355	0.3308	0.3234	0.3317	0.3524	0.3706	0.3845	0.3947	0.4	0.4219	0.4248	0.4284	0.4328	0.4386	0.4486	0.45	0.4545	0.458	0.472	0.477	0.4829	0.4942	0.509	0.5098	0.515	0.5211	0.5262	0.5299	0.5325	0.5366	0.538	0.5482	0.5505	0.5507	0.5504	0.5608	0.5603	0.5655	0.5669	0.5683	0.5743	0.5748	0.579	0.5768	0.5834																	
C5	0.0902	0.0898	0.0897	0.0911	0.0915	0.0928	0.0959	0.0991	0.1046	0.1121	0.1251	0.1437	0.1722	0.2161	0.2712	0.3415	0.4056	0.4735	0.5184	0.5549	0.5769	0.5763	0.5838	0.5947	0.6032	0.6126	0.6163	0.6228	0.6282	0.6295	0.6353	0.6378	0.6481	0.6466	0.657	0.653	0.6583	0.6538	0.6647	0.6683	0.6806	0.6801	0.6786	0.6874	0.6832	0.6941	0.6858	0.6945	0.6914	0.7055	0.7028	0.7033	0.6931	0.6918	0.6938	0.6933	0.6892	0.6886	0.6884	0.6909	0.6868	0.681	0.6872																	
C6	0.0916	0.0906	0.0902	0.0897	0.0909	0.0911	0.0938	0.0951	0.0962	0.0998	0.1008	0.1063	0.1103	0.1172	0.1239	0.1299	0.14	0.1453	0.1586	0.159	0.1603	0.1597	0.1608	0.1592	0.1614	0.1616	0.1621	0.1649	0.1675	0.1662	0.1666	0.1673	0.1668	0.1662	0.162	0.1605	0.1584	0.1596	0.1614	0.1605	0.162	0.1631	0.1644	0.1631	0.1604	0.1601	0.1592	0.1614	0.1589	0.1631	0.1608	0.164	0.163	0.1646	0.1714	0.1756	0.1836	0.1925	0.2045	0.2204	0.2402	0.2584	0.2936																	
C7	0.088	0.0876	0.0879	0.0872	0.0891	0.0904	0.0935	0.0985	0.1055	0.1176	0.134	0.1675	0.2133	0.2888	0.3562	0.4457	0.5153	0.5677	0.6071	0.6161	0.6289	0.6435	0.655	0.6613	0.6686	0.6719	0.6768	0.6816	0.6889	0.6935	0.7079	0.7097	0.7181	0.7257	0.73	0.7265	0.7459	0.7489	0.7417	0.7618	0.7679	0.766	0.7745	0.7657	0.7856	0.7902	0.7857	0.763	0.7808	0.78	0.7742	0.7766	0.7633	0.7568	0.7501	0.7467	0.7502	0.7568	0.7712	0.7506	0.7625	0.7505	0.7479																	
C8	0.0861	0.0854	0.0863	0.0859	0.0853	0.0861	0.0869	0.0878	0.0899	0.0926	0.0973	0.1034	0.1152	0.1345	0.1569	0.2025	0.2534	0.2969	0.3703	0.4423	0.4505	0.5124	0.5192	0.52	0.5234	0.5236	0.5218	0.5191	0.515	0.5091	0.5071	0.5015	0.4988	0.4929	0.491	0.4826	0.4794	0.4759	0.4771	0.4807	0.4875	0.4907	0.4951	0.4912	0.4773	0.4855	0.4516	0.4432	0.4632	0.4842	0.4511	0.4434	0.4329	0.4247	0.4673	0.5183	0.5015	0.4996	0.5003	0.502	0.5011	0.4971	0.5016																	
C9	0.086	0.0867	0.0868	0.0867	0.0875	0.089	0.091	0.0941	0.0997	0.1091	0.1211	0.1425	0.1773	0.2369	0.3098	0.3951	0.4576	0.5186	0.5611	0.5697	0.5816	0.5934	0.6063	0.612	0.619	0.6248	0.6275	0.6469	0.6432	0.6451	0.6531	0.657	0.666	0.6806	0.6754	0.6711	0.6936	0.6965	0.6911	0.7054	0.7239	0.7217	0.7321	0.7208	0.7415	0.7449	0.7572	0.7437	0.7566	0.7623	0.7668	0.7798	0.7688	0.7802	0.7702	0.7682	0.7584	0.7698	0.7739	0.7632	0.762	0.7618	0.759																	
C10	0.0878	0.088	0.0876	0.0884	0.0877	0.0905	0.092	0.0945	0.0987	0.1048	0.114	0.1281	0.1516	0.1884	0.241	0.3136	0.3764	0.4384	0.4856	0.5275	0.5451	0.5506	0.5562	0.5664	0.5744	0.5786	0.5891	0.5996	0.6138	0.6209	0.6402	0.6462	0.6549	0.6604	0.6716	0.6696	0.6751	0.678	0.6864	0.6869	0.7004	0.7081	0.7094	0.7177	0.7154	0.7256	0.7299	0.7274	0.7287	0.7385	0.7369	0.7439	0.7406	0.7425	0.7443	0.753	0.7519	0.7539	0.7581	0.7541	0.753	0.7459	0.751																	
C11	0.0875	0.0863	0.0856	0.087	0.0869	0.0894	0.0913	0.0927	0.0973	0.1038	0.1133	0.1301	0.1564	0.1975	0.25	0.3305	0.4016	0.4606	0.5317	0.5682	0.595	0.5972	0.6152	0.6259	0.6352	0.639	0.6468	0.649	0.6544	0.6538	0.663	0.6654	0.6674	0.6677	0.6713	0.6706	0.6772	0.6787	0.6816	0.6861	0.6941	0.6982	0.6981	0.6982	0.698	0.7027	0.7071	0.7068	0.7064	0.7051	0.6998	0.6972	0.687	0.6855	0.6876	0.6848	0.6794	0.6816	0.6825	0.6823	0.6789	0.6755	0.6786																	
C12	0.0869	0.0869	0.087	0.0856	0.0856	0.0864	0.0884	0.0878	0.0887	0.0894	0.0927	0.0924	0.0953	0.0997	0.1027	0.1084	0.1099	0.1133	0.1196	0.1198	0.122	0.1225	0.1228	0.1236	0.1244	0.1233	0.1233	0.125	0.1249	0.1241	0.1241	0.1249	0.1251	0.1253	0.1248	0.1237	0.1236	0.1235	0.1234	0.1226	0.1229	0.1228	0.1214	0.122	0.1209	0.1222	0.1211	0.1209	0.1198	0.1186	0.1188	0.1179	0.1175	0.1168	0.1166	0.1158	0.116	0.1168	0.1172	0.1183	0.1194	0.121	0.1219																	
D1	0.0911	0.0905	0.0855	0.0854	0.0868	0.0878	0.0898	0.0941	0.0977	0.1054	0.1148	0.1304	0.1544	0.1938	0.2479	0.3143	0.3949	0.4601	0.5245	0.5522	0.538	0.5559	0.5614	0.5758	0.5767	0.5909	0.5886	0.5927	0.6066	0.613	0.6257	0.6288	0.6324	0.6351	0.6387	0.6352	0.6298	0.6251	0.6246	0.6229	0.6342	0.6263	0.6175	0.6085	0.5979	0.5995	0.5761	0.5695	0.5635	0.5565	0.5538	0.5444	0.5318	0.5185	0.5182	0.5089	0.5009	0.4913	0.482	0.4786	0.4707	0.4582	0.4506																	
D2	0.0877	0.0875	0.0876	0.0879	0.0875	0.0881	0.0899	0.0904	0.093	0.0967	0.1016	0.1101	0.1243	0.1452	0.1707	0.2142	0.2519	0.3073	0.3692	0.4341	0.47	0.4805	0.4903	0.492	0.4946	0.4923	0.486	0.4808	0.4747	0.467	0.4623	0.4557	0.4517	0.4466	0.4455	0.4442	0.4514	0.4588	0.4664	0.4679	0.4749	0.4398	0.4369	0.4366	0.4159	0.4441	0.4758	0.4338	0.4294	0.4999	0.5319	0.5049	0.507	0.5115	0.5079	0.5049	0.5068	0.504	0.5074	0.5068	0.5028	0.4991	0.5023																	
D3	0.0877	0.0868	0.0884	0.091	0.0917	0.0992	0.1037	0.1025	0.1071	0.108	0.1154	0.1367	0.1582	0.1972	0.2428	0.3205	0.4105	0.4723	0.5308	0.5617	0.5483	0.5723	0.5847	0.602	0.6157	0.6199	0.6231	0.63	0.6342	0.6377	0.6476	0.6491	0.6559	0.6598	0.6643	0.6644	0.6707	0.6736	0.6788	0.6841	0.6943	0.7021	0.7042	0.7073	0.7082	0.7091	0.7161	0.7161	0.7164	0.7225	0.7294	0.7331	0.7256	0.7272	0.7226	0.7231	0.7171	0.719	0.7203	0.7203	0.7169	0.7077	0.715																	
D4	0.0874	0.0882	0.0879	0.0894	0.0886	0.0907	0.093	0.0966	0.1012	0.1077	0.1148	0.1277	0.1462	0.1749	0.1951	0.2321	0.2798	0.3236	0.3469	0.3382	0.3286	0.349	0.3674	0.3791	0.3904	0.3923	0.4033	0.4142	0.4301	0.4295	0.4316	0.4331	0.4469	0.454	0.4552	0.4607	0.4738	0.4763	0.4856	0.4913	0.509	0.5096	0.5164	0.5164	0.5165	0.5288	0.5311	0.5357	0.5384	0.5471	0.5473	0.5503	0.5486	0.5559	0.5547	0.5609	0.5606	0.5631	0.5689	0.5721	0.5735	0.5695	0.5796																	
D5	0.0969	0.0984	0.0873	0.0909	0.0881	0.0901	0.092	0.097	0.102	0.1112	0.1224	0.1447	0.1758	0.2206	0.2795	0.3456	0.4087	0.478	0.5319	0.5567	0.5711	0.5756	0.5848	0.5936	0.605	0.6168	0.617	0.6272	0.6294	0.6306	0.6354	0.6371	0.646	0.6465	0.65	0.6478	0.6556	0.655	0.6593	0.6672	0.6767	0.6752	0.6804	0.68	0.682	0.6852	0.6878	0.6899	0.6968	0.702	0.7012	0.697	0.6894	0.6916	0.6866	0.6865	0.6821	0.6827	0.6872	0.6869	0.6865	0.6742	0.6839																	
D6	0.0874	0.0876	0.0878	0.089	0.0902	0.1066	0.0915	0.0911	0.1161	0.0978	0.1041	0.104	0.1232	0.1156	0.1271	0.1339	0.1449	0.1502	0.1595	0.17	0.1589	0.1639	0.1731	0.1691	0.1678	0.1738	0.1712	0.1733	0.1731	0.1664	0.1757	0.1721	0.1706	0.1656	0.1689	0.1644	0.1565	0.1586	0.1583	0.1626	0.1666	0.1625	0.1685	0.1633	0.1655	0.1658	0.1637	0.1652	0.1643	0.1705	0.1692	0.1734	0.1753	0.1785	0.1905	0.195	0.2054	0.2218	0.2398	0.2676	0.2952	0.3253	0.3605																	
D7	0.0872	0.0874	0.0873	0.0899	0.0902	0.1028	0.1063	0.1064	0.1115	0.1292	0.1439	0.1749	0.2136	0.2783	0.3513	0.4485	0.511	0.5706	0.6133	0.6169	0.6367	0.6464	0.6542	0.6587	0.6667	0.671	0.678	0.6829	0.6974	0.6992	0.7044	0.7093	0.7211	0.7225	0.7287	0.7272	0.7386	0.7424	0.7411	0.749	0.7565	0.76	0.7722	0.7658	0.7772	0.7801	0.773	0.7608	0.765	0.7731	0.7549	0.7641	0.7443	0.7439	0.7447	0.7529	0.7446	0.7426	0.7539	0.7441	0.7437	0.7422	0.747																	
D8	0.0864	0.0858	0.0865	0.0861	0.0862	0.087	0.0878	0.0888	0.0906	0.093	0.0974	0.1043	0.1154	0.1331	0.1569	0.1953	0.2476	0.2974	0.3697	0.4464	0.522	0.5426	0.5497	0.5514	0.5532	0.5524	0.5478	0.5446	0.54	0.5332	0.5298	0.5233	0.5207	0.5166	0.5135	0.5075	0.5058	0.5043	0.5057	0.5083	0.5155	0.5177	0.5192	0.5078	0.5188	0.4883	0.4651	0.4942	0.5006	0.4959	0.4761	0.4583	0.4621	0.4649	0.4539	0.51	0.5022	0.5015	0.5045	0.5018	0.5028	0.499	0.5045																	
D9	0.0849	0.0845	0.0851	0.085	0.086	0.09	0.091	0.0954	0.1085	0.1143	0.1173	0.1382	0.1748	0.2273	0.2936	0.3805	0.4629	0.5136	0.5589	0.5737	0.5828	0.5981	0.613	0.6115	0.6172	0.6302	0.6294	0.6407	0.6435	0.6483	0.6585	0.6575	0.6636	0.6738	0.6717	0.6678	0.6799	0.6964	0.6885	0.7043	0.7238	0.7168	0.7326	0.7189	0.7343	0.7403	0.7488	0.7332	0.7484	0.7613	0.7682	0.7723	0.7637	0.7667	0.7572	0.7595	0.7511	0.7573	0.7685	0.7571	0.7554	0.7621	0.7523																	
D10	0.0859	0.0859	0.0869	0.0865	0.0877	0.0884	0.0888	0.0914	0.095	0.1005	0.1094	0.1211	0.1417	0.1769	0.2189	0.2891	0.3537	0.4208	0.4726	0.5222	0.5401	0.5468	0.5545	0.5588	0.5703	0.5825	0.598	0.6112	0.6213	0.6285	0.6406	0.646	0.657	0.6643	0.6673	0.6684	0.678	0.6795	0.6891	0.7005	0.7018	0.7156	0.7173	0.7147	0.7217	0.7215	0.7311	0.7308	0.7321	0.7408	0.7466	0.74	0.7381	0.7437	0.7441	0.7494	0.7404	0.7468	0.7434	0.7427	0.7435	0.7368	0.7386																	
D11	0.0859	0.0864	0.0859	0.0852	0.086	0.0867	0.0887	0.0898	0.0932	0.0991	0.1048	0.1168	0.1327	0.1641	0.1977	0.2583	0.334	0.4122	0.467	0.5244	0.5625	0.5805	0.5864	0.6016	0.6111	0.6207	0.6232	0.6294	0.6359	0.6353	0.6413	0.643	0.6473	0.6517	0.6542	0.6524	0.6564	0.6558	0.6605	0.6622	0.6704	0.6698	0.6698	0.6683	0.6679	0.673	0.6763	0.6779	0.6782	0.6782	0.666	0.67	0.6599	0.6602	0.6599	0.6632	0.6578	0.6607	0.6619	0.6585	0.6535	0.6524	0.6551																	
D12	0.0858	0.0861	0.0863	0.0864	0.0863	0.0873	0.0879	0.0877	0.0883	0.0882	0.089	0.0908	0.0921	0.0947	0.097	0.1002	0.1032	0.1077	0.1117	0.1139	0.1171	0.1184	0.1183	0.1192	0.1212	0.1201	0.12	0.121	0.121	0.118	0.1187	0.1176	0.1167	0.1145	0.1132	0.1132	0.113	0.1113	0.1096	0.108	0.1066	0.1057	0.1047	0.1032	0.102	0.1012	0.1017	0.1002	0.0998	0.0992	0.099	0.0985	0.0993	0.0979	0.0976	0.0971	0.0964	0.0963	0.0965	0.0959	0.0956	0.095	0.0953																	
E1	0.0856	0.0854	0.0852	0.085	0.0859	0.0869	0.0884	0.0907	0.0944	0.1005	0.1085	0.119	0.1386	0.1673	0.2039	0.2641	0.352	0.4182	0.4879	0.5421	0.5491	0.5514	0.563	0.5663	0.573	0.579	0.5835	0.5895	0.5953	0.5993	0.608	0.6117	0.6168	0.6178	0.62	0.6172	0.6166	0.6132	0.6123	0.6091	0.6102	0.6162	0.6166	0.6101	0.6042	0.5964	0.5912	0.5818	0.5727	0.5723	0.5648	0.558	0.5454	0.54	0.5335	0.5273	0.5192	0.5132	0.5068	0.4969	0.4877	0.4763	0.4691																	
E2	0.0882	0.0863	0.0865	0.0861	0.0862	0.0867	0.0879	0.0892	0.0913	0.0947	0.0994	0.1072	0.1195	0.1393	0.1644	0.2038	0.2465	0.3003	0.3607	0.4234	0.4563	0.4677	0.4797	0.4843	0.4902	0.4927	0.4905	0.4895	0.4846	0.4781	0.4741	0.4683	0.4657	0.4587	0.4558	0.4501	0.4485	0.4484	0.4518	0.4571	0.4687	0.4742	0.4495	0.463	0.4424	0.4273	0.4202	0.4549	0.4454	0.5179	0.5081	0.5016	0.494	0.4972	0.4946	0.4948	0.496	0.4928	0.4949	0.4942	0.4908	0.4868	0.4893																	
E3	0.0874	0.0871	0.0869	0.0859	0.0874	0.0889	0.0897	0.0928	0.0965	0.1035	0.1116	0.1256	0.1455	0.1797	0.225	0.2945	0.385	0.4528	0.5111	0.5507	0.5632	0.5742	0.5863	0.5967	0.6054	0.6045	0.6122	0.6194	0.6218	0.6272	0.637	0.6372	0.6491	0.6478	0.6556	0.655	0.666	0.665	0.6744	0.6796	0.6893	0.6984	0.697	0.7006	0.7008	0.704	0.7095	0.7114	0.7117	0.7216	0.727	0.7274	0.7194	0.7193	0.7196	0.7167	0.7129	0.7091	0.7118	0.7145	0.7108	0.6955	0.7098																	
E4	0.086	0.086	0.0863	0.086	0.0871	0.0887	0.0907	0.0939	0.0981	0.1039	0.1103	0.1215	0.1358	0.1589	0.1834	0.223	0.2798	0.3294	0.3618	0.3672	0.3788	0.4043	0.3999	0.4067	0.399	0.4135	0.432	0.4496	0.4554	0.4607	0.4596	0.4696	0.4793	0.4912	0.4989	0.501	0.5054	0.5123	0.5162	0.523	0.5369	0.5432	0.5445	0.5446	0.5507	0.5547	0.5569	0.5624	0.5649	0.5718	0.5766	0.576	0.5717	0.5789	0.5803	0.5858	0.5858	0.5917	0.5931	0.5974	0.5996	0.601	0.6036																	
E5	0.0891	0.0889	0.0888	0.0888	0.0895	0.0922	0.0943	0.0959	0.0993	0.107	0.1161	0.131	0.1523	0.1877	0.2324	0.3027	0.3659	0.4377	0.5035	0.5486	0.5807	0.5878	0.5884	0.6023	0.6122	0.6159	0.615	0.6239	0.6283	0.6316	0.6346	0.6424	0.6474	0.6499	0.6545	0.6525	0.6602	0.6594	0.6596	0.6672	0.6813	0.684	0.6795	0.6856	0.6885	0.6886	0.6919	0.6898	0.6928	0.7043	0.7037	0.6977	0.687	0.6901	0.6894	0.6867	0.6841	0.6857	0.6877	0.687	0.6843	0.6792	0.6845																	
E6	0.1537	0.1655	0.1703	0.1727	0.1793	0.1792	0.1809	0.1826	0.1805	0.1809	0.1864	0.1849	0.1869	0.1904	0.192	0.1891	0.2013	0.196	0.1985	0.2012	0.198	0.1987	0.1977	0.1961	0.1992	0.1975	0.1992	0.1994	0.1961	0.195	0.196	0.2006	0.1987	0.2035	0.2007	0.2016	0.2009	0.2004	0.1993	0.1929	0.1937	0.1958	0.1886	0.171	0.1751	0.1762	0.1747	0.1753	0.1767	0.1755	0.1769	0.1741	0.1755	0.1759	0.1735	0.1722	0.1733	0.1689	0.1752	0.1735	0.1742	0.1719	0.1793																	
E7	0.0866	0.0856	0.0861	0.0852	0.0868	0.0907	0.0919	0.0966	0.1046	0.117	0.1349	0.1635	0.212	0.2851	0.3583	0.4449	0.5104	0.5543	0.5916	0.5993	0.6131	0.6266	0.6426	0.6542	0.6667	0.6675	0.672	0.6785	0.684	0.6895	0.6981	0.7011	0.7121	0.7106	0.7187	0.7173	0.7297	0.7357	0.7301	0.742	0.7522	0.7483	0.7563	0.7597	0.7755	0.7739	0.78	0.769	0.7818	0.7897	0.7718	0.7766	0.7646	0.76	0.7623	0.7612	0.7527	0.7609	0.7746	0.761	0.7572	0.7494	0.7563																	
E8	0.0871	0.087	0.0875	0.0869	0.0873	0.0878	0.0888	0.0898	0.0916	0.0943	0.0979	0.1043	0.1144	0.1314	0.154	0.1954	0.2501	0.2926	0.364	0.4354	0.4398	0.551	0.559	0.5548	0.5536	0.5505	0.5445	0.5389	0.5319	0.5239	0.5189	0.5125	0.5085	0.5025	0.4992	0.4914	0.4872	0.4815	0.4804	0.4804	0.4861	0.4878	0.4906	0.4946	0.489	0.4946	0.4761	0.4638	0.465	0.474	0.4677	0.4674	0.4772	0.4676	0.448	0.4571	0.4983	0.4982	0.5036	0.5005	0.5006	0.4954	0.5024																	
E9	0.0865	0.0868	0.0859	0.0868	0.0878	0.0901	0.0914	0.0937	0.0997	0.1074	0.1193	0.1366	0.1689	0.2212	0.287	0.3796	0.4365	0.4893	0.5245	0.5372	0.5434	0.5522	0.5641	0.5761	0.5904	0.6023	0.6121	0.6241	0.629	0.6362	0.6395	0.6442	0.6504	0.6635	0.6589	0.6607	0.6662	0.6784	0.6763	0.6905	0.7083	0.7109	0.7197	0.7039	0.7304	0.7385	0.7394	0.7288	0.7362	0.7527	0.7501	0.7552	0.7419	0.7511	0.763	0.7509	0.7505	0.7564	0.7526	0.7419	0.7476	0.7536	0.7478																	
E10	0.087	0.087	0.0869	0.0859	0.087	0.0889	0.0907	0.0944	0.0987	0.1061	0.1172	0.1342	0.1589	0.1995	0.2538	0.3308	0.4009	0.4563	0.5143	0.5383	0.5454	0.5542	0.5626	0.5735	0.5829	0.5933	0.605	0.6214	0.6378	0.6453	0.657	0.6646	0.6747	0.6789	0.6854	0.6867	0.6942	0.6973	0.7027	0.7097	0.7209	0.7268	0.7248	0.7309	0.7313	0.7375	0.7413	0.7408	0.7403	0.7498	0.7492	0.7521	0.7474	0.753	0.7518	0.7529	0.7464	0.7472	0.7509	0.7483	0.7496	0.7383	0.7468																	
E11	0.0882	0.0877	0.0877	0.0876	0.0883	0.0895	0.0912	0.0936	0.0976	0.104	0.1127	0.1277	0.1496	0.1832	0.2256	0.2973	0.3773	0.4442	0.5055	0.5451	0.5742	0.5814	0.6001	0.6063	0.6192	0.6248	0.6297	0.636	0.6363	0.638	0.6415	0.6412	0.6434	0.6447	0.6544	0.6433	0.6467	0.6488	0.6506	0.6507	0.6563	0.6663	0.6647	0.6613	0.6547	0.6548	0.664	0.6659	0.665	0.6781	0.6683	0.6692	0.6528	0.6497	0.6493	0.6527	0.6526	0.6367	0.6446	0.648	0.6367	0.6332	0.6395																	
E12	0.0896	0.0882	0.0876	0.0879	0.0884	0.0903	0.0903	0.0903	0.0907	0.0919	0.0932	0.0946	0.096	0.1007	0.1028	0.1073	0.111	0.1147	0.1191	0.1241	0.1255	0.1282	0.1285	0.1289	0.131	0.1304	0.132	0.1303	0.1302	0.1282	0.1281	0.1267	0.1253	0.1232	0.1222	0.1202	0.1197	0.1177	0.1151	0.1128	0.1117	0.1105	0.1101	0.1073	0.1057	0.1051	0.1042	0.1042	0.1027	0.1022	0.1021	0.1012	0.1019	0.1004	0.0997	0.0993	0.0994	0.0983	0.0987	0.0983	0.0982	0.0975	0.098																	
F1	0.0976	0.0887	0.0897	0.0914	0.0939	0.0912	0.096	0.1008	0.1036	0.112	0.1199	0.1372	0.1704	0.2114	0.2634	0.3283	0.4213	0.48	0.5348	0.5848	0.5756	0.5883	0.6048	0.6223	0.6258	0.6317	0.6381	0.6427	0.6503	0.6561	0.6667	0.6706	0.6751	0.6794	0.6897	0.6941	0.6946	0.6926	0.696	0.7004	0.7059	0.7099	0.7148	0.7191	0.7114	0.703	0.701	0.6998	0.6938	0.6912	0.695	0.6868	0.678	0.6832	0.6791	0.6775	0.6759	0.6763	0.6801	0.6791	0.6785	0.6708	0.6719																	
F2	0.0878	0.0879	0.0876	0.087	0.0876	0.0893	0.0903	0.09	0.0926	0.0966	0.101	0.1085	0.1225	0.1413	0.1673	0.2068	0.2547	0.3014	0.3641	0.4322	0.4618	0.4822	0.4899	0.4913	0.4937	0.4944	0.4902	0.4868	0.4831	0.4763	0.4728	0.4674	0.465	0.4618	0.4678	0.4753	0.4818	0.4824	0.4821	0.478	0.4749	0.4762	0.4826	0.444	0.4643	0.471	0.4674	0.4566	0.4723	0.4781	0.5147	0.4984	0.5102	0.5094	0.5103	0.5089	0.5097	0.5061	0.5069	0.5106	0.5104	0.5062	0.5132																	
F3	0.0868	0.0864	0.0971	0.0914	0.096	0.0999	0.0893	0.0973	0.1066	0.1146	0.1135	0.1273	0.1522	0.1884	0.2346	0.3117	0.3999	0.4583	0.5272	0.5627	0.5574	0.5717	0.587	0.6042	0.6104	0.6145	0.6194	0.6255	0.6299	0.6294	0.6399	0.6429	0.6511	0.6554	0.6647	0.6654	0.6675	0.6741	0.6789	0.6824	0.6963	0.7034	0.7026	0.7074	0.7084	0.7123	0.7149	0.7209	0.7174	0.7301	0.7305	0.7313	0.7154	0.7211	0.7153	0.7163	0.7136	0.7138	0.7154	0.7135	0.7126	0.7031	0.7068																	
F4	0.0867	0.0928	0.0895	0.0893	0.0875	0.0962	0.0925	0.0957	0.1012	0.107	0.1181	0.1303	0.1531	0.1745	0.2035	0.2516	0.3122	0.3578	0.377	0.3797	0.4092	0.4354	0.4311	0.4322	0.4309	0.4535	0.4646	0.4768	0.4807	0.4849	0.4921	0.499	0.518	0.5246	0.5325	0.5274	0.5384	0.5457	0.5457	0.5518	0.5661	0.5706	0.5725	0.5761	0.5828	0.5822	0.5913	0.596	0.5966	0.5957	0.6045	0.6039	0.6014	0.6068	0.6116	0.6127	0.6132	0.6189	0.6199	0.6248	0.6208	0.6163	0.6226																	
F5	0.0993	0.0912	0.0885	0.0893	0.0897	0.091	0.0938	0.0976	0.1033	0.1117	0.1223	0.1409	0.1691	0.2103	0.2604	0.3324	0.4036	0.4658	0.5263	0.5513	0.5776	0.5838	0.5944	0.6048	0.6109	0.6192	0.622	0.6308	0.6313	0.6332	0.6394	0.6427	0.6485	0.6517	0.6567	0.6537	0.6602	0.6626	0.6645	0.6701	0.6794	0.6843	0.6855	0.6822	0.6883	0.6888	0.6952	0.7036	0.6971	0.6998	0.6965	0.6944	0.6827	0.6842	0.6826	0.6846	0.6767	0.6778	0.6842	0.6854	0.6801	0.6708	0.6812																	
F6	0.0901	0.0897	0.1014	0.0933	0.0971	0.1043	0.1	0.1015	0.1058	0.1048	0.0996	0.1034	0.1091	0.1149	0.13	0.1287	0.1382	0.1534	0.155	0.1582	0.1581	0.164	0.1625	0.1608	0.1654	0.163	0.165	0.1646	0.1652	0.1648	0.1644	0.1674	0.1667	0.1687	0.1656	0.1618	0.161	0.1623	0.1623	0.1645	0.1658	0.1636	0.162	0.1603	0.1598	0.1573	0.1569	0.1563	0.1547	0.1576	0.1577	0.1576	0.1576	0.1595	0.1635	0.1679	0.1723	0.1786	0.1869	0.2	0.2121	0.2269	0.2504																	
F7	0.0888	0.1004	0.0942	0.0886	0.0967	0.0983	0.0994	0.107	0.1128	0.1205	0.1304	0.1555	0.1945	0.2561	0.3353	0.4231	0.4884	0.5441	0.5852	0.6001	0.6126	0.6177	0.6325	0.6436	0.65	0.6551	0.6605	0.6661	0.6751	0.6754	0.6827	0.6854	0.695	0.6976	0.7007	0.7012	0.7111	0.7129	0.7151	0.7221	0.7314	0.7375	0.7377	0.74	0.7424	0.7418	0.7453	0.7471	0.7473	0.7537	0.7512	0.7506	0.7372	0.7368	0.7361	0.74	0.7345	0.7325	0.7382	0.742	0.7369	0.7281	0.7333																	
F8	0.0893	0.089	0.0882	0.0878	0.0879	0.0887	0.0891	0.0894	0.091	0.0928	0.0958	0.1002	0.1074	0.1187	0.1345	0.1589	0.1969	0.2524	0.2981	0.3662	0.4409	0.4625	0.4917	0.5067	0.5114	0.5161	0.518	0.5186	0.5161	0.5096	0.5055	0.4999	0.4987	0.4906	0.4874	0.4806	0.4777	0.4743	0.4753	0.4784	0.4902	0.4954	0.4994	0.5046	0.5073	0.4863	0.4902	0.447	0.4683	0.4566	0.4802	0.4664	0.4697	0.4576	0.4548	0.4492	0.4435	0.4749	0.4592	0.5216	0.5145	0.509	0.5161																	
F9	0.0849	0.0867	0.0865	0.0877	0.0918	0.0981	0.095	0.1034	0.1024	0.1147	0.1144	0.1306	0.1639	0.2117	0.2747	0.3597	0.4285	0.4789	0.5237	0.5389	0.5455	0.5557	0.5697	0.5778	0.5907	0.605	0.6089	0.6206	0.6288	0.6319	0.6394	0.643	0.65	0.662	0.6549	0.6551	0.662	0.6791	0.6693	0.6877	0.7104	0.7116	0.7152	0.7132	0.7275	0.7341	0.7338	0.7276	0.7361	0.7526	0.7489	0.751	0.7454	0.7535	0.7522	0.7427	0.7457	0.7443	0.7553	0.733	0.7351	0.7385	0.7299																	
F10	0.0872	0.0853	0.0863	0.086	0.0863	0.0885	0.0906	0.0918	0.0963	0.103	0.1129	0.1266	0.1486	0.1885	0.2343	0.3076	0.3768	0.4429	0.4946	0.531	0.5463	0.5497	0.5598	0.5691	0.5779	0.5906	0.6057	0.6201	0.6312	0.6421	0.6531	0.6597	0.6669	0.67	0.6819	0.6793	0.6841	0.6878	0.6975	0.7032	0.713	0.7248	0.7267	0.7242	0.7266	0.7278	0.7377	0.7393	0.7379	0.7499	0.7449	0.7446	0.7359	0.7438	0.7407	0.745	0.7378	0.7371	0.7389	0.739	0.7387	0.7297	0.7355																	
F11	0.0881	0.0898	0.0884	0.0871	0.0892	0.0917	0.0906	0.0944	0.0966	0.1	0.1074	0.1219	0.1358	0.1616	0.1955	0.2512	0.3261	0.4057	0.4586	0.5086	0.5565	0.5801	0.5853	0.6039	0.6154	0.6199	0.6244	0.6317	0.6371	0.639	0.6441	0.6471	0.6507	0.6555	0.6573	0.6604	0.6605	0.6615	0.6682	0.6687	0.6752	0.6758	0.6793	0.6828	0.6798	0.6822	0.684	0.6852	0.6888	0.6951	0.6939	0.6928	0.6811	0.6828	0.6818	0.6773	0.6775	0.681	0.6779	0.6787	0.68	0.6753	0.6739																	
F12	0.0898	0.0883	0.0898	0.0884	0.0885	0.0895	0.0903	0.0907	0.0915	0.0921	0.0931	0.0947	0.0965	0.1009	0.1014	0.1052	0.1089	0.1119	0.116	0.1184	0.1203	0.1224	0.1216	0.1224	0.1226	0.1233	0.1232	0.1243	0.1263	0.1252	0.1242	0.1244	0.1251	0.1246	0.1246	0.1247	0.1251	0.1255	0.125	0.1261	0.1256	0.1249	0.1237	0.1233	0.1232	0.1229	0.1234	0.1233	0.1226	0.1228	0.1228	0.1227	0.1216	0.1234	0.1222	0.1219	0.1234	0.1229	0.1245	0.1254	0.1285	0.1292	0.1347																	
G1	0.0876	0.0873	0.0877	0.088	0.0888	0.0903	0.0936	0.0952	0.0996	0.1051	0.1144	0.1272	0.1489	0.1826	0.2268	0.2982	0.3678	0.4374	0.5052	0.5649	0.5829	0.5913	0.6077	0.6199	0.627	0.6352	0.6423	0.6477	0.6554	0.6609	0.672	0.6773	0.6864	0.6911	0.697	0.6978	0.7013	0.7033	0.7066	0.7109	0.7216	0.7241	0.7285	0.7292	0.7258	0.7224	0.7184	0.7164	0.7084	0.7099	0.7077	0.7044	0.6953	0.699	0.6959	0.6961	0.6929	0.6913	0.6973	0.694	0.6929	0.6888	0.691																	
G2	0.0883	0.0891	0.0878	0.0877	0.088	0.0884	0.0897	0.0906	0.0928	0.0958	0.1007	0.1069	0.1179	0.1358	0.1583	0.1943	0.2425	0.2848	0.3486	0.4166	0.4951	0.4924	0.5032	0.5074	0.5106	0.511	0.5072	0.5032	0.4982	0.4915	0.4878	0.482	0.4793	0.4746	0.4731	0.4705	0.4759	0.4759	0.4768	0.4738	0.4567	0.4077	0.4398	0.4724	0.4661	0.4528	0.4386	0.452	0.4652	0.4724	0.5108	0.5062	0.4957	0.4999	0.4981	0.5002	0.4984	0.498	0.5018	0.5032	0.5022	0.4986	0.5028																	
G3	0.0864	0.0855	0.0869	0.0858	0.0866	0.0878	0.0892	0.0907	0.0956	0.1002	0.1103	0.1216	0.1419	0.1749	0.2167	0.2851	0.3659	0.445	0.5029	0.5479	0.5607	0.5732	0.5871	0.602	0.6013	0.6032	0.612	0.6186	0.6234	0.6248	0.6362	0.6399	0.6503	0.6493	0.6605	0.6634	0.6721	0.6739	0.6776	0.6831	0.6988	0.7014	0.7	0.7042	0.7034	0.7154	0.7149	0.7176	0.7191	0.7328	0.7261	0.7276	0.7135	0.7154	0.7138	0.7105	0.7112	0.7066	0.7084	0.7153	0.7097	0.6982	0.7092																	
G4	0.086	0.0856	0.0859	0.0857	0.0871	0.0883	0.0914	0.0947	0.0998	0.1058	0.1143	0.126	0.1431	0.1678	0.1971	0.2374	0.2949	0.3481	0.3798	0.3846	0.424	0.453	0.4418	0.4339	0.4561	0.4846	0.4942	0.5057	0.512	0.5154	0.5244	0.5343	0.5423	0.5483	0.5555	0.5583	0.5616	0.5659	0.5715	0.5768	0.5891	0.5955	0.6009	0.6064	0.6099	0.61	0.6149	0.6185	0.6177	0.6215	0.6238	0.6257	0.6181	0.6244	0.6224	0.6229	0.6222	0.6203	0.6217	0.6232	0.6214	0.6121	0.6159																	
G5	0.0893	0.0892	0.0885	0.0891	0.0898	0.0922	0.0946	0.0967	0.1024	0.109	0.1198	0.135	0.1587	0.1953	0.2396	0.3121	0.3697	0.4412	0.5048	0.5492	0.5786	0.5892	0.5925	0.6058	0.6168	0.6212	0.6241	0.631	0.6343	0.6387	0.6395	0.6468	0.651	0.6557	0.6598	0.6591	0.6612	0.6693	0.6713	0.6702	0.6811	0.6841	0.683	0.6846	0.6909	0.698	0.6902	0.688	0.6833	0.6848	0.6872	0.6803	0.6737	0.6719	0.6731	0.6709	0.6687	0.6688	0.6687	0.667	0.6648	0.6639	0.6647																	
G6	0.0871	0.0875	0.0867	0.0867	0.0876	0.0882	0.0893	0.0895	0.0914	0.0924	0.0943	0.0979	0.1002	0.1052	0.1089	0.1144	0.1226	0.13	0.1365	0.1426	0.1446	0.146	0.1453	0.1462	0.1477	0.1469	0.1478	0.15	0.15	0.1495	0.1497	0.1504	0.1505	0.1549	0.1538	0.1521	0.151	0.1492	0.1481	0.1462	0.1456	0.1452	0.1461	0.1452	0.1426	0.1428	0.1399	0.1391	0.1369	0.1369	0.1359	0.136	0.1331	0.1325	0.1312	0.1313	0.1301	0.1298	0.1301	0.1304	0.1319	0.1308	0.1345																	
G7	0.0937	0.0918	0.0947	0.1032	0.0887	0.0947	0.0952	0.1079	0.1176	0.1184	0.1447	0.1641	0.2173	0.2727	0.3433	0.4172	0.4741	0.5338	0.5632	0.567	0.5827	0.5926	0.6034	0.6113	0.6432	0.6438	0.6495	0.6534	0.6657	0.6765	0.6855	0.6874	0.6889	0.6932	0.7001	0.7049	0.7076	0.7014	0.7149	0.724	0.7269	0.7258	0.7338	0.737	0.7401	0.7239	0.7393	0.7437	0.7397	0.7396	0.7343	0.7306	0.7175	0.7262	0.7197	0.7208	0.7143	0.7173	0.719	0.7152	0.7154	0.708	0.7124																	
G8	0.0902	0.0906	0.0891	0.0886	0.0887	0.0892	0.09	0.091	0.0925	0.095	0.0988	0.105	0.1149	0.1308	0.1491	0.1809	0.2272	0.2715	0.3382	0.4084	0.445	0.4826	0.5039	0.5062	0.5095	0.5131	0.5146	0.5157	0.5137	0.5084	0.505	0.5002	0.4945	0.4873	0.4824	0.4742	0.47	0.4645	0.4618	0.4612	0.4671	0.4708	0.4763	0.4766	0.4738	0.4732	0.4757	0.4667	0.4609	0.451	0.4262	0.4393	0.4245	0.4322	0.4287	0.4382	0.4187	0.4449	0.4897	0.5171	0.5202	0.5138	0.5196																	
G9	0.0898	0.0893	0.0894	0.0898	0.0912	0.0923	0.0947	0.0982	0.1044	0.1128	0.1265	0.1467	0.1812	0.2352	0.3049	0.3975	0.4483	0.5005	0.5351	0.545	0.554	0.5636	0.5777	0.5895	0.6042	0.6144	0.6236	0.633	0.6385	0.6437	0.6511	0.6574	0.6627	0.6668	0.6758	0.6755	0.6809	0.6862	0.6898	0.6983	0.7125	0.7121	0.7183	0.7215	0.7226	0.7235	0.7274	0.7279	0.7288	0.7386	0.7464	0.7469	0.7368	0.7369	0.7353	0.7327	0.7294	0.7318	0.739	0.7324	0.7343	0.7239	0.73																	
G10	0.088	0.0876	0.0873	0.0871	0.0874	0.0891	0.0911	0.0944	0.1002	0.107	0.1179	0.1339	0.1623	0.2015	0.2552	0.3363	0.4037	0.463	0.5203	0.5445	0.56	0.5649	0.5778	0.5888	0.6022	0.6176	0.6334	0.644	0.6571	0.6674	0.674	0.6793	0.6893	0.6959	0.7002	0.7027	0.7102	0.7135	0.7175	0.7236	0.7326	0.7406	0.7394	0.745	0.7444	0.7511	0.753	0.757	0.7539	0.766	0.7656	0.7642	0.757	0.7575	0.7572	0.7546	0.7519	0.7505	0.7521	0.7529	0.7502	0.7428	0.7522																	
G11	0.0909	0.0886	0.0888	0.0883	0.0892	0.0907	0.0922	0.0958	0.1002	0.1084	0.118	0.1346	0.1618	0.1996	0.2485	0.3257	0.4021	0.4612	0.5235	0.5706	0.5935	0.5989	0.6198	0.6296	0.6354	0.6431	0.6505	0.652	0.6577	0.66	0.6679	0.6666	0.671	0.6721	0.6768	0.6748	0.681	0.6809	0.6822	0.689	0.6963	0.6962	0.6987	0.6999	0.6979	0.6991	0.7068	0.7106	0.7047	0.7089	0.7052	0.7046	0.6879	0.6918	0.6893	0.6914	0.6892	0.6897	0.6898	0.6908	0.6904	0.6822	0.6882																	
G12	0.0874	0.0868	0.0867	0.0865	0.0872	0.0895	0.0935	0.0892	0.0904	0.0917	0.0933	0.0958	0.0985	0.103	0.1061	0.1118	0.1176	0.1213	0.1266	0.1304	0.1314	0.1324	0.1349	0.1343	0.1364	0.1367	0.1373	0.1369	0.1381	0.1369	0.1372	0.1377	0.1379	0.1387	0.1383	0.1376	0.1379	0.1368	0.136	0.1351	0.1369	0.1373	0.1363	0.1362	0.1353	0.1356	0.1346	0.1342	0.1328	0.1353	0.1345	0.1343	0.134	0.136	0.1365	0.1378	0.1391	0.1428	0.1466	0.1496	0.1509	0.1517	0.1563																	
H1	0.0863	0.0851	0.0858	0.0858	0.0877	0.0878	0.0905	0.0938	0.1009	0.1166	0.1132	0.1313	0.153	0.1838	0.2337	0.3068	0.3734	0.4384	0.5091	0.5627	0.5888	0.5845	0.6028	0.6164	0.6267	0.6325	0.6353	0.6377	0.6479	0.6567	0.667	0.6716	0.6792	0.6823	0.6847	0.6872	0.6973	0.6854	0.6959	0.7012	0.7037	0.7099	0.7135	0.7068	0.7017	0.6941	0.6912	0.6861	0.6866	0.6854	0.6841	0.6827	0.6752	0.6748	0.6743	0.6705	0.6654	0.667	0.6731	0.672	0.6706	0.6652	0.6564																	
H2	0.0863	0.0883	0.0854	0.0855	0.0858	0.0864	0.0874	0.0913	0.0907	0.0963	0.1017	0.1058	0.1174	0.1357	0.1594	0.1992	0.2513	0.2945	0.3566	0.4216	0.4432	0.4869	0.4987	0.5016	0.5046	0.504	0.4993	0.4947	0.4905	0.4835	0.4814	0.4737	0.4705	0.4644	0.462	0.4607	0.4687	0.4814	0.4908	0.4916	0.4893	0.4785	0.4649	0.4728	0.4725	0.434	0.4047	0.4237	0.4207	0.4338	0.4865	0.5113	0.5238	0.5236	0.5187	0.5183	0.5181	0.5141	0.521	0.5185	0.5184	0.5117	0.5171																	
H3	0.089	0.0959	0.0916	0.0928	0.0912	0.0866	0.0897	0.0924	0.0964	0.1031	0.1129	0.1295	0.1502	0.1861	0.2337	0.3089	0.3915	0.453	0.5188	0.5683	0.5512	0.5694	0.5845	0.5897	0.6013	0.6	0.6032	0.6103	0.6177	0.6228	0.6313	0.6309	0.6427	0.6443	0.6561	0.6498	0.6633	0.6561	0.665	0.6722	0.6806	0.6807	0.6845	0.6871	0.6877	0.6937	0.6983	0.7077	0.6879	0.6954	0.6916	0.6841	0.6723	0.6778	0.6725	0.6719	0.6702	0.6704	0.6742	0.6718	0.6709	0.6646	0.6669																	
H4	0.0859	0.0959	0.0923	0.0956	0.0963	0.0913	0.0962	0.0949	0.1029	0.1053	0.1178	0.1266	0.1421	0.168	0.1965	0.2406	0.2968	0.3475	0.3837	0.3989	0.4403	0.4877	0.456	0.4835	0.5101	0.5173	0.5182	0.5363	0.5411	0.5445	0.5533	0.5588	0.5684	0.5736	0.5872	0.5798	0.5873	0.5906	0.5947	0.5978	0.6078	0.6074	0.6085	0.6178	0.6162	0.6188	0.6138	0.614	0.6112	0.6145	0.6068	0.6083	0.5911	0.5932	0.5892	0.588	0.5868	0.5867	0.5861	0.5847	0.5828	0.5771	0.5851																	
H5	0.0954	0.09	0.0908	0.0906	0.0932	0.0946	0.0971	0.1006	0.1056	0.1172	0.1222	0.1376	0.1604	0.194	0.2415	0.3017	0.3739	0.4352	0.5007	0.5401	0.5551	0.575	0.5816	0.5941	0.5969	0.6033	0.5981	0.6077	0.6112	0.6197	0.6295	0.637	0.6439	0.6392	0.6428	0.6438	0.6441	0.6435	0.6423	0.6511	0.6564	0.653	0.6486	0.6478	0.6456	0.6372	0.6321	0.6305	0.6277	0.6236	0.622	0.6159	0.6107	0.6099	0.6077	0.6053	0.6017	0.6003	0.6025	0.602	0.5977	0.5877	0.5991																	
H6	0.1005	0.0953	0.091	0.0917	0.0877	0.0849	0.0888	0.091	0.0894	0.0909	0.0926	0.0956	0.098	0.1028	0.1063	0.1118	0.1184	0.1245	0.1322	0.1412	0.1463	0.1496	0.149	0.1495	0.1514	0.1519	0.1482	0.152	0.1499	0.1493	0.1472	0.1447	0.1432	0.1392	0.1325	0.1267	0.1258	0.1243	0.1209	0.1188	0.117	0.1154	0.1127	0.1123	0.111	0.1102	0.1102	0.1098	0.1084	0.1074	0.1066	0.1053	0.1058	0.1046	0.1034	0.1037	0.1021	0.1019	0.1021	0.1011	0.1011	0.0999	0.1001																	
H7	0.0917	0.0946	0.0954	0.0958	0.0948	0.0902	0.0936	0.0976	0.0992	0.1052	0.1142	0.1292	0.1544	0.1892	0.2411	0.3172	0.4007	0.4584	0.5176	0.5379	0.55	0.5578	0.5606	0.5824	0.582	0.5848	0.5838	0.5923	0.602	0.5878	0.5961	0.5959	0.5995	0.6015	0.611	0.5929	0.5917	0.5815	0.5839	0.5684	0.5614	0.5633	0.5526	0.5518	0.5406	0.5302	0.5419	0.5313	0.5085	0.5056	0.4937	0.4783	0.4593	0.453	0.4351	0.4207	0.405	0.3971	0.385	0.3547	0.3487	0.3335	0.3048																	
H8	0.0869	0.0875	0.0862	0.0856	0.0866	0.0881	0.0883	0.0877	0.0891	0.0921	0.0935	0.0977	0.1046	0.1156	0.1293	0.1532	0.1865	0.2335	0.2815	0.3311	0.38	0.4276	0.4528	0.4779	0.4819	0.4818	0.4828	0.4832	0.4824	0.4778	0.4747	0.4695	0.4667	0.4621	0.457	0.4485	0.4438	0.4353	0.4332	0.429	0.4319	0.4333	0.4339	0.433	0.4296	0.4272	0.4249	0.4247	0.4228	0.4245	0.4196	0.4228	0.412	0.4133	0.391	0.3852	0.4561	0.6028	0.5616	0.5514	0.542	0.5276	0.5266																	
H9	0.0949	0.0938	0.1017	0.0968	0.0944	0.0981	0.0974	0.0962	0.1001	0.1066	0.1157	0.1331	0.1594	0.2003	0.2566	0.3463	0.4253	0.48	0.5208	0.5375	0.5423	0.5442	0.5618	0.5654	0.5762	0.5853	0.5941	0.6021	0.6093	0.6095	0.6239	0.6221	0.6326	0.6332	0.6406	0.6368	0.6478	0.6554	0.6508	0.66	0.6774	0.6794	0.683	0.6837	0.685	0.6918	0.6947	0.6923	0.6966	0.7062	0.7096	0.7011	0.6924	0.6934	0.6894	0.6831	0.6879	0.6775	0.6815	0.68	0.6756	0.6674	0.6731																	
H10	0.0921	0.0872	0.0873	0.0863	0.0872	0.0878	0.0897	0.0913	0.0943	0.0987	0.1043	0.1124	0.1265	0.1509	0.1777	0.2263	0.2858	0.356	0.4201	0.4688	0.5254	0.5433	0.5528	0.5687	0.5831	0.5874	0.6075	0.6216	0.6322	0.6401	0.6478	0.6537	0.6617	0.6679	0.6779	0.6778	0.6794	0.6811	0.691	0.6931	0.7056	0.7138	0.7111	0.7182	0.7183	0.7165	0.7231	0.7243	0.7205	0.7279	0.7272	0.7195	0.7187	0.7197	0.7142	0.7184	0.7149	0.7127	0.717	0.7132	0.707	0.7069	0.7124																	
H11	0.087	0.0932	0.087	0.0933	0.0898	0.0925	0.0897	0.0908	0.0984	0.0982	0.1042	0.1148	0.1274	0.1548	0.1835	0.2295	0.2931	0.3784	0.4376	0.4874	0.5388	0.5695	0.5758	0.5881	0.6085	0.6097	0.6142	0.6207	0.6263	0.6299	0.6352	0.6304	0.6389	0.6404	0.6438	0.6399	0.644	0.6457	0.6559	0.6562	0.6579	0.6654	0.663	0.6632	0.6653	0.6681	0.6688	0.6704	0.6723	0.6843	0.6825	0.6738	0.6671	0.668	0.6655	0.6668	0.6624	0.6605	0.6636	0.6617	0.6574	0.654	0.6593																	
H12	0.0881	0.0883	0.0882	0.088	0.0878	0.0885	0.0896	0.0895	0.0906	0.0915	0.0925	0.0943	0.0961	0.1001	0.1023	0.1062	0.1123	0.1155	0.1193	0.1216	0.1239	0.1266	0.1263	0.1262	0.1284	0.1274	0.1295	0.1286	0.1297	0.1291	0.1297	0.1297	0.1295	0.1302	0.1328	0.132	0.1315	0.1318	0.1319	0.1309	0.1294	0.1298	0.1293	0.1283	0.1286	0.1285	0.1276	0.1278	0.126	0.1268	0.1253	0.125	0.1248	0.1246	0.1245	0.125	0.1245	0.1249	0.1256	0.1271	0.1274	0.1285	0.131																	
