Time [s]	0	880.3	1760.5	2640.8	3521	4401.3	5281.6	6161.8	7042.1	7922.4	8802.6	9682.9	10563.1	11443.4	12323.6	13203.9	14084.1	14964.4	15844.6	16724.9	17605.2	18485.4	19365.7	20245.9	21126.2	22006.4	22886.7	23767	24647.2	25527.5	26407.8	27288	28168.3	29048.5	29928.8	30809	31689.3	32569.6	33449.8	34330.1	35210.4	36090.6	36971.2	37851.4	38731.7	39611.9	40492.2	41372.5	42252.7	43133	44013.2	44893.5	45773.7	46654	47534.2	48414.5	49294.8	50175	51055.3	51935.6	52815.8	53696.1	54576.3	55456.6	56336.8
Temp. [Â°C]	21	37.1	37.3	36.8	37	37	36.8	37.6	37.2	36.8	37.4	37.7	37.7	37.7	37.7	37.6	37.5	37.3	37.2	37	36.8	37	37.7	37.6	37.3	36.9	36.8	37.7	37.7	37.3	36.9	37.4	37.7	37.3	36.8	37.6	37.6	37.1	37.2	37.7	37.2	36.9	37.6	37.1	37.6	37.5	36.8	37.7	37.4	36.9	37.7	36.9	37.7	37.4	37	37.6	36.8	37.7	37.1	37.7	37.3	37.3	37.4	36.8	37.7
A1	0.092	0.0904	0.0925	0.0901	0.0913	0.0932	0.0927	0.094	0.094	0.0938	0.0922	0.0925	0.0908	0.0929	0.094	0.0959	0.0987	0.1039	0.1123	0.1206	0.143	0.174	0.2182	0.2708	0.3394	0.3913	0.4332	0.4961	0.4761	0.473	0.472	0.4676	0.4707	0.4693	0.4719	0.4737	0.4723	0.4764	0.4763	0.483	0.4858	0.4882	0.4974	0.4911	0.4949	0.4936	0.4964	0.4985	0.5011	0.5034	0.5028	0.4989	0.4982	0.4959	0.4929	0.4971	0.4983	0.5074	0.5096	0.5115	0.5201	0.5294	0.5345	0.5401	0.5452
A2	0.0904	0.0903	0.0921	0.0868	0.0887	0.0877	0.0893	0.0888	0.0902	0.089	0.0919	0.0895	0.0896	0.0926	0.0905	0.0934	0.0986	0.1029	0.1098	0.1231	0.1458	0.1726	0.2188	0.2782	0.3504	0.4039	0.4382	0.5002	0.4765	0.4759	0.4738	0.47	0.4779	0.4774	0.4771	0.4757	0.4747	0.479	0.4788	0.4872	0.4909	0.49	0.4978	0.4934	0.496	0.4953	0.4976	0.5031	0.5049	0.5076	0.5069	0.5017	0.4987	0.499	0.4979	0.4935	0.5002	0.506	0.5117	0.5123	0.52	0.5211	0.5286	0.531	0.5386
A3	0.0964	0.0953	0.0947	0.0936	0.093	0.0951	0.0961	0.0972	0.0969	0.0944	0.095	0.0968	0.0969	0.0993	0.1035	0.1089	0.1154	0.1293	0.1474	0.1846	0.2211	0.2858	0.3508	0.4002	0.4412	0.4821	0.464	0.4667	0.4616	0.4589	0.4604	0.4601	0.464	0.4663	0.4687	0.4711	0.4713	0.4777	0.4764	0.4833	0.4812	0.4839	0.4884	0.4866	0.4896	0.4905	0.4916	0.4964	0.4979	0.5007	0.4999	0.4981	0.499	0.4964	0.4954	0.4996	0.5041	0.5139	0.517	0.5193	0.53	0.5347	0.5394	0.5471	0.5512
A4	0.0919	0.0923	0.0898	0.0885	0.0896	0.0914	0.0895	0.0924	0.0913	0.0938	0.092	0.0959	0.095	0.0948	0.0981	0.1092	0.1178	0.13	0.1497	0.1826	0.2243	0.2854	0.3539	0.4025	0.4373	0.4726	0.4607	0.4585	0.4566	0.456	0.4551	0.4577	0.4594	0.4654	0.4662	0.4677	0.4672	0.4703	0.4687	0.4748	0.4781	0.4789	0.4824	0.4817	0.4835	0.4869	0.4927	0.491	0.4989	0.5025	0.5033	0.5063	0.5103	0.5077	0.5023	0.5134	0.5151	0.5241	0.5265	0.5287	0.5368	0.5482	0.5517	0.5487	0.5588
A5	0.0884	0.09	0.0888	0.0909	0.0868	0.0893	0.09	0.0925	0.0938	0.0906	0.0909	0.0896	0.0878	0.0933	0.0927	0.0941	0.0927	0.0903	0.0883	0.0899	0.091	0.0929	0.0971	0.1073	0.1065	0.1148	0.1202	0.1357	0.1713	0.2074	0.2555	0.2802	0.3203	0.3339	0.3884	0.4154	0.4121	0.4245	0.4192	0.435	0.4434	0.4465	0.4489	0.4516	0.4445	0.4469	0.4484	0.4525	0.4548	0.4589	0.4647	0.4734	0.4764	0.4719	0.474	0.485	0.4829	0.4892	0.4882	0.4893	0.4919	0.5027	0.5087	0.5041	0.5101
A6	0.0937	0.096	0.0919	0.0918	0.0914	0.0914	0.0928	0.0922	0.0944	0.0931	0.0955	0.0929	0.0966	0.0913	0.0945	0.0972	0.0976	0.0971	0.0946	0.0925	0.0957	0.0983	0.1009	0.1031	0.1094	0.1142	0.1285	0.1376	0.1648	0.2005	0.2451	0.2799	0.3133	0.3322	0.3697	0.4006	0.3963	0.4112	0.4146	0.4307	0.4364	0.4356	0.4322	0.4359	0.4368	0.4383	0.4388	0.4427	0.4504	0.4557	0.4607	0.4668	0.4688	0.4688	0.4722	0.4741	0.4793	0.4816	0.4866	0.4839	0.488	0.492	0.4931	0.4974	0.5021
A7	0.0951	0.0923	0.0918	0.0879	0.0909	0.0915	0.09	0.0923	0.0925	0.0907	0.0939	0.0898	0.094	0.0933	0.0912	0.0935	0.097	0.0945	0.0984	0.1044	0.1179	0.1314	0.1527	0.18	0.2114	0.2451	0.2826	0.3257	0.3479	0.3665	0.371	0.3674	0.3664	0.3602	0.3593	0.3627	0.3571	0.3565	0.3596	0.3606	0.3589	0.3602	0.3618	0.3614	0.3614	0.3608	0.3602	0.3625	0.3666	0.3676	0.3664	0.3666	0.3638	0.3678	0.3681	0.3735	0.3768	0.3832	0.3903	0.3897	0.3967	0.4025	0.4051	0.4068	0.4124
A8	0.0915	0.0902	0.0904	0.0887	0.0888	0.0912	0.0924	0.0934	0.0929	0.0954	0.0935	0.0936	0.0924	0.0939	0.0958	0.097	0.0911	0.0957	0.1045	0.1102	0.1158	0.132	0.1531	0.1794	0.2087	0.2504	0.2882	0.3212	0.3515	0.3631	0.3691	0.3714	0.3648	0.3633	0.3617	0.3618	0.36	0.3609	0.3598	0.3643	0.3645	0.3643	0.3649	0.3667	0.3653	0.3661	0.3687	0.37	0.3747	0.3776	0.3774	0.3719	0.3755	0.3739	0.3772	0.3827	0.3882	0.3937	0.3986	0.4019	0.4032	0.4109	0.4119	0.4142	0.4177
A9	0.0964	0.1002	0.0905	0.088	0.0989	0.0992	0.0992	0.0991	0.1034	0.0982	0.0895	0.0972	0.0991	0.0961	0.0985	0.0975	0.1092	0.103	0.1034	0.1194	0.1047	0.1238	0.1399	0.147	0.1681	0.236	0.2818	0.3294	0.3703	0.4056	0.4235	0.4416	0.4555	0.4706	0.488	0.5045	0.5133	0.5243	0.5414	0.5581	0.5588	0.5671	0.586	0.5908	0.5983	0.6039	0.6071	0.6083	0.6178	0.6224	0.6208	0.6253	0.6239	0.6171	0.6176	0.6253	0.6255	0.6284	0.6348	0.6328	0.6389	0.6461	0.6479	0.6482	0.6589
A10	0.0903	0.0889	0.0877	0.0898	0.0968	0.0906	0.0925	0.0924	0.0872	0.095	0.0988	0.0908	0.0924	0.0936	0.0973	0.099	0.0978	0.109	0.1043	0.11	0.1074	0.1118	0.1249	0.1529	0.1882	0.2508	0.2809	0.3135	0.3576	0.3855	0.4066	0.4244	0.4375	0.4584	0.472	0.4869	0.498	0.5056	0.5201	0.5363	0.5356	0.5494	0.5664	0.5684	0.5748	0.5805	0.5862	0.5929	0.597	0.5997	0.5996	0.6043	0.6062	0.5985	0.5965	0.6036	0.6037	0.6062	0.6123	0.6133	0.6184	0.6287	0.6271	0.6217	0.6282
A11	0.0904	0.0914	0.0947	0.0933	0.0922	0.0915	0.0934	0.0923	0.0967	0.0939	0.0889	0.0958	0.0876	0.0943	0.0906	0.0919	0.1018	0.0919	0.0994	0.101	0.099	0.1103	0.1241	0.1447	0.1973	0.2249	0.259	0.3082	0.3252	0.3635	0.3895	0.4251	0.4619	0.4958	0.5099	0.5189	0.5184	0.5231	0.5307	0.5374	0.5435	0.5456	0.5509	0.5536	0.5602	0.5628	0.5666	0.5703	0.5777	0.5818	0.5837	0.5841	0.5878	0.5831	0.58	0.5853	0.59	0.5958	0.5969	0.5958	0.6028	0.6119	0.6129	0.611	0.6119
A12	0.0887	0.0896	0.0901	0.0916	0.0917	0.0872	0.0934	0.0938	0.09	0.0948	0.0925	0.0887	0.0887	0.0897	0.0881	0.0938	0.0912	0.0973	0.1106	0.1002	0.1026	0.1056	0.1386	0.1656	0.1924	0.2245	0.2556	0.3035	0.2951	0.3346	0.3739	0.4096	0.4416	0.4706	0.4815	0.4871	0.4879	0.4955	0.5022	0.5112	0.5147	0.5168	0.5278	0.5287	0.5331	0.5393	0.5474	0.5458	0.5593	0.5614	0.5644	0.5654	0.5665	0.5671	0.5601	0.564	0.5641	0.5643	0.5655	0.5682	0.5718	0.5723	0.5709	0.5631	0.5746
B1	0.0951	0.0933	0.0923	0.0914	0.0899	0.0886	0.0929	0.0923	0.0898	0.0929	0.0921	0.0914	0.0926	0.0917	0.0946	0.0947	0.1003	0.1082	0.1072	0.1203	0.1404	0.1707	0.2113	0.2737	0.3409	0.3973	0.446	0.4894	0.4919	0.49	0.4898	0.4838	0.4839	0.4868	0.4881	0.491	0.4886	0.4945	0.4878	0.5057	0.5075	0.5052	0.5084	0.5095	0.513	0.5145	0.5152	0.5196	0.5226	0.5226	0.5232	0.5194	0.519	0.5119	0.513	0.5191	0.5191	0.5262	0.5302	0.5309	0.5382	0.5456	0.5539	0.5495	0.5622
B2	0.0924	0.0936	0.0924	0.0913	0.0952	0.0926	0.0934	0.0927	0.0929	0.0932	0.0952	0.0933	0.0931	0.0934	0.0948	0.0956	0.0995	0.1042	0.1104	0.1222	0.1428	0.1655	0.2051	0.2633	0.3446	0.4048	0.4511	0.4871	0.5004	0.4945	0.4915	0.4882	0.4868	0.4898	0.4879	0.4926	0.4879	0.4897	0.4901	0.503	0.4986	0.4986	0.5038	0.4992	0.5055	0.5023	0.5029	0.5092	0.5092	0.5107	0.5123	0.5088	0.5118	0.5059	0.5085	0.5115	0.512	0.5206	0.5232	0.5232	0.5352	0.5451	0.5528	0.5551	0.5638
B3	0.0903	0.0882	0.0862	0.0886	0.0888	0.0882	0.0888	0.0909	0.0892	0.0916	0.091	0.0927	0.0946	0.0934	0.0973	0.0982	0.1079	0.1237	0.1389	0.1667	0.2048	0.2638	0.3394	0.3879	0.4347	0.475	0.4662	0.465	0.461	0.4579	0.4577	0.456	0.4606	0.4664	0.4655	0.473	0.4723	0.4702	0.4691	0.4795	0.4767	0.4813	0.481	0.4787	0.4858	0.4809	0.4848	0.4877	0.491	0.4947	0.4959	0.4956	0.4989	0.4947	0.4952	0.5014	0.5128	0.5218	0.5315	0.5357	0.5395	0.5491	0.5597	0.5588	0.5711
B4	0.096	0.0931	0.0931	0.0912	0.0918	0.0935	0.0934	0.0921	0.0918	0.0918	0.0931	0.0923	0.0953	0.0956	0.099	0.1056	0.114	0.1225	0.1444	0.1724	0.2086	0.2797	0.3497	0.3987	0.4323	0.4818	0.4716	0.4674	0.4635	0.4641	0.4597	0.462	0.4622	0.4685	0.469	0.4718	0.4665	0.4682	0.4739	0.4777	0.4784	0.4784	0.4834	0.4817	0.4916	0.489	0.4843	0.4915	0.4981	0.5024	0.5016	0.5001	0.5026	0.504	0.5048	0.5118	0.5158	0.5291	0.5349	0.5371	0.5526	0.5589	0.5648	0.5653	0.573
B5	0.0936	0.0924	0.0897	0.0898	0.0908	0.0906	0.0937	0.0914	0.0912	0.0913	0.0912	0.0908	0.0913	0.0917	0.0925	0.0934	0.0929	0.0902	0.0905	0.0922	0.0923	0.0952	0.1009	0.1212	0.1097	0.158	0.1261	0.143	0.167	0.2086	0.2502	0.2809	0.3043	0.3482	0.3747	0.4118	0.4197	0.4255	0.4301	0.4506	0.457	0.4476	0.4613	0.4674	0.4602	0.4646	0.4615	0.4835	0.4883	0.4901	0.5048	0.502	0.5047	0.5033	0.5013	0.514	0.5236	0.5136	0.5035	0.5221	0.5228	0.5286	0.5386	0.539	0.5486
B6	0.0925	0.0901	0.0882	0.0884	0.0888	0.088	0.0891	0.0897	0.0902	0.0891	0.0888	0.0901	0.0876	0.0879	0.0905	0.0902	0.0923	0.0908	0.0917	0.0922	0.0931	0.0911	0.095	0.1043	0.1059	0.129	0.134	0.1515	0.1718	0.2027	0.2361	0.2775	0.3101	0.3347	0.3805	0.4155	0.4233	0.4318	0.4266	0.4381	0.4599	0.4541	0.4615	0.4672	0.4672	0.4684	0.4589	0.4659	0.4697	0.4735	0.4798	0.4854	0.4899	0.484	0.4864	0.4951	0.4927	0.4986	0.5005	0.5049	0.5057	0.5079	0.5108	0.5142	0.5111
B7	0.09	0.0884	0.0877	0.088	0.0878	0.0861	0.0895	0.0895	0.0882	0.0902	0.0886	0.091	0.09	0.0916	0.0929	0.0926	0.092	0.0929	0.1001	0.1018	0.1145	0.1278	0.1521	0.1843	0.2201	0.2578	0.2887	0.3293	0.346	0.367	0.3768	0.3744	0.3713	0.373	0.3724	0.374	0.3699	0.3692	0.371	0.37	0.3746	0.3753	0.3753	0.3735	0.3774	0.3737	0.3787	0.3815	0.378	0.3833	0.3903	0.3891	0.3924	0.3897	0.3886	0.3926	0.3947	0.4047	0.406	0.407	0.4146	0.4203	0.4229	0.4232	0.4286
B8	0.0932	0.0916	0.0901	0.091	0.0916	0.0891	0.093	0.0909	0.0918	0.0958	0.0936	0.0986	0.093	0.0953	0.1005	0.0971	0.0957	0.0998	0.0996	0.1063	0.121	0.1396	0.1575	0.1755	0.2223	0.2532	0.2944	0.3375	0.3561	0.3722	0.384	0.3816	0.3798	0.381	0.3797	0.3785	0.3748	0.3765	0.3757	0.3816	0.3826	0.3799	0.3821	0.3814	0.3838	0.3772	0.3816	0.3872	0.3887	0.3904	0.3926	0.3917	0.3939	0.3906	0.3921	0.3977	0.3995	0.4072	0.4091	0.4102	0.4159	0.422	0.4288	0.4267	0.4286
B9	0.0883	0.0897	0.0888	0.091	0.0854	0.0852	0.0897	0.1022	0.097	0.0916	0.0908	0.0928	0.0944	0.0962	0.0921	0.099	0.1048	0.1019	0.1104	0.112	0.108	0.1322	0.1326	0.1741	0.2	0.2591	0.3099	0.3569	0.3791	0.4093	0.4241	0.4406	0.456	0.4738	0.4889	0.5036	0.5128	0.5244	0.5405	0.5595	0.5595	0.5724	0.5904	0.5912	0.5976	0.6035	0.6108	0.6139	0.6219	0.6258	0.6261	0.6259	0.6273	0.6231	0.6251	0.6293	0.6341	0.6444	0.6442	0.6445	0.653	0.6573	0.6577	0.6559	0.6611
B10	0.0957	0.0951	0.095	0.0884	0.0927	0.0931	0.0944	0.094	0.0968	0.097	0.0974	0.0963	0.0957	0.0927	0.0965	0.0956	0.0926	0.1008	0.1031	0.1069	0.115	0.1259	0.1328	0.1571	0.2006	0.244	0.3109	0.3521	0.352	0.3987	0.4229	0.4487	0.462	0.475	0.4938	0.5113	0.5213	0.5375	0.5488	0.5683	0.5669	0.5826	0.5923	0.5981	0.6054	0.6046	0.612	0.6169	0.6261	0.6298	0.6317	0.6317	0.6328	0.6298	0.6312	0.6346	0.6378	0.6497	0.6533	0.6514	0.6582	0.6625	0.6657	0.6649	0.6673
B11	0.0851	0.0877	0.0869	0.0866	0.0873	0.0893	0.0906	0.0975	0.0949	0.0881	0.0907	0.0928	0.0907	0.0937	0.0941	0.0921	0.0933	0.0933	0.0978	0.1085	0.109	0.1279	0.1413	0.1525	0.1879	0.2248	0.2709	0.3307	0.3744	0.3969	0.4059	0.4449	0.4797	0.5168	0.5346	0.5422	0.5445	0.5499	0.5577	0.5687	0.575	0.5791	0.5854	0.5874	0.5931	0.5962	0.5989	0.6048	0.6119	0.6169	0.6161	0.6183	0.6212	0.617	0.6156	0.622	0.624	0.6322	0.6359	0.6349	0.6419	0.6451	0.6496	0.6486	0.6593
B12	0.0893	0.0872	0.0885	0.0923	0.0897	0.0913	0.0973	0.0895	0.0992	0.0941	0.1033	0.0882	0.0865	0.0953	0.0916	0.0918	0.0915	0.1109	0.1021	0.0882	0.0988	0.0971	0.1379	0.1439	0.1838	0.2302	0.2448	0.3144	0.3375	0.3439	0.3879	0.426	0.4618	0.4882	0.5045	0.5123	0.5142	0.5204	0.5255	0.5376	0.5436	0.5454	0.5525	0.5562	0.5601	0.5628	0.571	0.5756	0.5826	0.5892	0.5914	0.5923	0.5947	0.5947	0.5975	0.6014	0.6045	0.6132	0.6184	0.6165	0.6204	0.629	0.6297	0.6232	0.6264
C1	0.0949	0.097	0.1001	0.1009	0.1013	0.1009	0.1005	0.0995	0.099	0.0998	0.0996	0.1	0.097	0.0953	0.0942	0.0962	0.0994	0.1023	0.1071	0.115	0.1326	0.1639	0.2108	0.2649	0.332	0.3807	0.4239	0.4684	0.48	0.4775	0.4757	0.4738	0.4745	0.4776	0.4783	0.4805	0.4782	0.4808	0.4798	0.4854	0.4883	0.4893	0.4919	0.4932	0.4973	0.4987	0.5016	0.5064	0.5111	0.5135	0.5146	0.5166	0.5178	0.5164	0.5151	0.521	0.5261	0.5364	0.5422	0.5474	0.5564	0.5642	0.5697	0.5713	0.5807
C2	0.094	0.0985	0.0996	0.0926	0.0973	0.0944	0.0934	0.0957	0.0975	0.0959	0.095	0.093	0.0935	0.0947	0.0975	0.097	0.1018	0.1044	0.1121	0.1207	0.1357	0.161	0.1962	0.253	0.3279	0.3981	0.4297	0.4668	0.4826	0.4797	0.4746	0.474	0.4747	0.4745	0.4768	0.4751	0.4757	0.4815	0.4803	0.4866	0.4886	0.4895	0.4903	0.4948	0.4963	0.494	0.4983	0.5011	0.5042	0.5062	0.5094	0.5046	0.5048	0.4991	0.4995	0.5061	0.5126	0.5231	0.5312	0.5328	0.5462	0.5551	0.5571	0.5582	0.5715
C3	0.0906	0.0893	0.0878	0.0873	0.0868	0.086	0.0881	0.0888	0.0884	0.0883	0.0901	0.0889	0.092	0.0942	0.0974	0.1048	0.1101	0.1227	0.1392	0.16	0.2005	0.2555	0.3277	0.3829	0.4256	0.452	0.4614	0.4591	0.454	0.4549	0.4549	0.453	0.4572	0.4624	0.465	0.4655	0.465	0.4646	0.4645	0.4714	0.4737	0.4765	0.4774	0.4805	0.4868	0.4836	0.4897	0.4927	0.4978	0.5015	0.5048	0.5047	0.5074	0.5065	0.5093	0.5171	0.5259	0.5377	0.5434	0.5447	0.5591	0.5653	0.5695	0.5707	0.5792
C4	0.0915	0.0901	0.0898	0.0893	0.0887	0.0896	0.0914	0.0892	0.0909	0.0895	0.0899	0.092	0.0956	0.0958	0.0963	0.1036	0.1098	0.1187	0.1405	0.1609	0.2045	0.2643	0.3393	0.3883	0.4275	0.4644	0.4697	0.463	0.4611	0.4609	0.4587	0.46	0.4642	0.4662	0.4652	0.4706	0.469	0.4713	0.4717	0.4769	0.4795	0.4806	0.4837	0.4851	0.4901	0.4898	0.4942	0.4989	0.5036	0.5083	0.5108	0.5128	0.5204	0.518	0.5212	0.5283	0.5332	0.545	0.5524	0.5517	0.5614	0.5712	0.5766	0.576	0.5846
C5	0.0913	0.0908	0.092	0.09	0.0903	0.089	0.0924	0.0916	0.0912	0.0921	0.0914	0.0936	0.093	0.0935	0.0928	0.0924	0.0914	0.0923	0.0906	0.0916	0.0962	0.098	0.0968	0.1065	0.1095	0.119	0.1225	0.1409	0.1674	0.1958	0.2332	0.2709	0.3032	0.3538	0.3759	0.4103	0.419	0.4225	0.4273	0.4394	0.4553	0.4577	0.4509	0.4514	0.4528	0.4585	0.4583	0.464	0.4664	0.4754	0.4848	0.4883	0.4903	0.4891	0.4934	0.4972	0.5012	0.5088	0.5109	0.5088	0.5136	0.5187	0.5171	0.5229	0.5285
C6	0.0907	0.087	0.0875	0.0877	0.0899	0.089	0.0896	0.0891	0.0879	0.0871	0.0889	0.0893	0.0879	0.0904	0.0896	0.0901	0.0897	0.0888	0.0889	0.0887	0.0903	0.0925	0.1009	0.1031	0.1093	0.1107	0.127	0.1381	0.1674	0.1963	0.2542	0.2795	0.3163	0.354	0.3814	0.4121	0.4227	0.4288	0.437	0.4451	0.4621	0.4582	0.4559	0.456	0.4573	0.4625	0.4594	0.4644	0.4739	0.4826	0.4877	0.4886	0.4911	0.4883	0.4893	0.496	0.5008	0.504	0.5067	0.5057	0.5111	0.5133	0.5183	0.5152	0.5214
C7	0.0952	0.0927	0.0941	0.0895	0.0922	0.0895	0.093	0.093	0.0901	0.09	0.0944	0.0913	0.0931	0.0935	0.0942	0.0958	0.0928	0.0998	0.1013	0.1179	0.1188	0.1365	0.1572	0.1679	0.2064	0.2479	0.2858	0.3352	0.3484	0.3691	0.3816	0.3782	0.3777	0.3757	0.3759	0.3798	0.3769	0.3752	0.3766	0.382	0.3809	0.3845	0.3872	0.3825	0.3862	0.3812	0.3836	0.3895	0.3917	0.3956	0.3965	0.3978	0.3972	0.3961	0.3972	0.3999	0.4048	0.4134	0.4201	0.4191	0.4289	0.4267	0.4293	0.4264	0.4328
C8	0.093	0.0888	0.0892	0.0892	0.087	0.0853	0.0873	0.0864	0.0901	0.0892	0.0898	0.0871	0.0906	0.0868	0.0901	0.0884	0.0917	0.0928	0.0973	0.1063	0.1187	0.1348	0.1495	0.1667	0.2	0.236	0.2748	0.3275	0.3428	0.3662	0.3803	0.3768	0.3742	0.3743	0.3714	0.3734	0.372	0.3703	0.373	0.3751	0.3762	0.3781	0.3752	0.3764	0.3775	0.3811	0.3848	0.3861	0.3942	0.3981	0.3972	0.3979	0.3977	0.3968	0.3959	0.3988	0.4041	0.4128	0.4173	0.4179	0.4231	0.4265	0.4337	0.4279	0.437
C9	0.0898	0.0996	0.098	0.0961	0.1034	0.097	0.0952	0.0955	0.0975	0.1056	0.0962	0.0943	0.1031	0.1021	0.1061	0.1066	0.1032	0.1076	0.1136	0.118	0.0964	0.1289	0.1409	0.1683	0.1996	0.2554	0.3068	0.3521	0.359	0.3937	0.4167	0.4427	0.458	0.4719	0.4928	0.5108	0.5229	0.5428	0.555	0.5696	0.5689	0.5827	0.595	0.6003	0.605	0.6061	0.6106	0.6168	0.6269	0.6328	0.6336	0.6328	0.6383	0.634	0.6314	0.6413	0.6454	0.6485	0.6551	0.6525	0.6582	0.6659	0.6733	0.6711	0.6796
C10	0.0998	0.0992	0.09	0.0962	0.0927	0.0982	0.0939	0.0936	0.0986	0.1047	0.1032	0.0949	0.0991	0.0962	0.1024	0.1007	0.1037	0.0975	0.1134	0.121	0.1148	0.1135	0.133	0.1579	0.2061	0.2521	0.3077	0.3548	0.3743	0.3924	0.4169	0.4432	0.4584	0.4742	0.4935	0.5138	0.5317	0.55	0.5595	0.5709	0.5809	0.5918	0.5976	0.6021	0.6073	0.6078	0.6147	0.6173	0.6279	0.633	0.6376	0.6376	0.6402	0.6354	0.6312	0.6442	0.6466	0.6507	0.6594	0.6581	0.6606	0.6705	0.6784	0.6752	0.6765
C11	0.091	0.0932	0.0929	0.0959	0.0928	0.0923	0.1051	0.09	0.0935	0.104	0.09	0.1007	0.0995	0.0997	0.0962	0.103	0.098	0.1054	0.0981	0.1008	0.1113	0.1191	0.1388	0.1483	0.1701	0.2094	0.2602	0.3243	0.3609	0.3894	0.4042	0.451	0.4837	0.516	0.5301	0.5385	0.5407	0.5442	0.553	0.5621	0.568	0.5744	0.5771	0.5808	0.5865	0.587	0.5931	0.5979	0.6069	0.6119	0.6135	0.6115	0.6141	0.6133	0.6073	0.6169	0.6254	0.6293	0.6319	0.6344	0.6348	0.6423	0.6523	0.6506	0.6544
C12	0.107	0.0994	0.0914	0.0972	0.1047	0.0959	0.0954	0.0953	0.0965	0.0883	0.0942	0.0984	0.1032	0.1055	0.1003	0.0991	0.0964	0.0985	0.1029	0.111	0.1222	0.1072	0.146	0.1395	0.1808	0.2069	0.2559	0.2985	0.3664	0.372	0.3903	0.4312	0.4625	0.4924	0.5106	0.5209	0.5231	0.5294	0.5351	0.5462	0.5535	0.5585	0.5641	0.5619	0.5695	0.5715	0.5757	0.5829	0.5898	0.5965	0.5951	0.5959	0.6009	0.5999	0.5982	0.6067	0.6013	0.6161	0.6175	0.6174	0.6269	0.6253	0.6308	0.6309	0.6314
D1	0.0929	0.0928	0.0988	0.0933	0.0925	0.0915	0.0948	0.0948	0.0927	0.093	0.0933	0.0921	0.0935	0.0941	0.0969	0.0987	0.0992	0.1015	0.1114	0.1233	0.1373	0.1614	0.2054	0.2666	0.3319	0.3743	0.4317	0.4683	0.4735	0.4688	0.4709	0.4658	0.4686	0.4726	0.4719	0.474	0.4797	0.4834	0.4811	0.4865	0.4913	0.4919	0.4918	0.5017	0.5065	0.5056	0.5129	0.5149	0.5203	0.5228	0.5234	0.5258	0.5291	0.5256	0.5266	0.5339	0.5385	0.5421	0.5468	0.5533	0.5558	0.5593	0.5699	0.5728	0.5818
D2	0.0923	0.0932	0.0911	0.0908	0.0912	0.0908	0.0924	0.0926	0.0911	0.0914	0.0922	0.0912	0.0934	0.0925	0.0934	0.0959	0.0986	0.103	0.1085	0.1206	0.1343	0.1606	0.1956	0.254	0.3411	0.3948	0.452	0.4799	0.4965	0.4922	0.4911	0.4864	0.4875	0.4887	0.4873	0.4883	0.4847	0.4892	0.4933	0.4986	0.4992	0.5033	0.5003	0.5029	0.5055	0.5078	0.5085	0.5089	0.5157	0.5217	0.5287	0.5266	0.532	0.5351	0.5385	0.5479	0.5493	0.5668	0.567	0.5689	0.5814	0.5901	0.5964	0.5985	0.6092
D3	0.0924	0.0904	0.0881	0.0875	0.0879	0.0876	0.0903	0.0911	0.0902	0.088	0.0893	0.0882	0.0902	0.0928	0.0973	0.1016	0.1051	0.1177	0.1298	0.1577	0.1957	0.2554	0.3362	0.3872	0.4362	0.4594	0.4741	0.4681	0.4659	0.4644	0.4658	0.4643	0.4704	0.4728	0.4711	0.4775	0.4749	0.4754	0.4782	0.484	0.4844	0.4891	0.4879	0.4984	0.5018	0.5059	0.5051	0.512	0.5256	0.5336	0.5443	0.5419	0.5502	0.5518	0.5522	0.5619	0.5687	0.579	0.5831	0.5855	0.5907	0.5949	0.6032	0.601	0.6088
D4	0.0951	0.0907	0.0902	0.0902	0.0897	0.0892	0.0906	0.0933	0.0925	0.0885	0.0936	0.0927	0.092	0.0951	0.0979	0.1042	0.1062	0.1214	0.1326	0.1585	0.1992	0.2652	0.3444	0.3947	0.4359	0.4682	0.4788	0.4718	0.4625	0.4645	0.467	0.4617	0.4694	0.4706	0.4719	0.4732	0.472	0.4744	0.4792	0.4826	0.4854	0.4849	0.4865	0.495	0.5	0.5031	0.509	0.5132	0.5224	0.531	0.5411	0.5403	0.5463	0.5484	0.5496	0.5574	0.5618	0.5756	0.5759	0.5773	0.5893	0.5944	0.5967	0.6002	0.6032
D5	0.0961	0.0929	0.0905	0.0916	0.0893	0.0916	0.0936	0.0922	0.0921	0.0914	0.0938	0.0944	0.094	0.0922	0.0934	0.0941	0.0908	0.0909	0.0913	0.091	0.0922	0.0968	0.1026	0.1197	0.1188	0.1561	0.1607	0.1408	0.1768	0.2155	0.2578	0.2896	0.3364	0.3649	0.3929	0.4098	0.4224	0.4414	0.4394	0.4548	0.4655	0.4574	0.4616	0.4616	0.4608	0.4692	0.4652	0.4672	0.4781	0.4877	0.491	0.495	0.4995	0.4948	0.495	0.5017	0.5037	0.5075	0.5123	0.5056	0.5118	0.5135	0.5194	0.5172	0.5253
D6	0.0918	0.0893	0.0892	0.0888	0.0907	0.0878	0.093	0.0912	0.0921	0.0905	0.0919	0.0899	0.0929	0.0929	0.093	0.0935	0.0964	0.0917	0.0938	0.0935	0.0951	0.0933	0.0971	0.101	0.1281	0.1304	0.1313	0.1494	0.1819	0.2105	0.2473	0.2864	0.3224	0.3578	0.3921	0.4112	0.4271	0.4357	0.4409	0.4514	0.461	0.4615	0.4589	0.4616	0.4545	0.4645	0.4652	0.472	0.4751	0.4857	0.4871	0.4934	0.4935	0.4917	0.4955	0.4988	0.5043	0.5018	0.507	0.5047	0.5117	0.5132	0.5188	0.5153	0.523
D7	0.0953	0.0902	0.0916	0.0917	0.092	0.0887	0.0938	0.0926	0.0907	0.0905	0.0935	0.0935	0.0909	0.0895	0.0911	0.092	0.0937	0.0948	0.1006	0.1062	0.1153	0.129	0.1464	0.1864	0.2078	0.2522	0.2819	0.3405	0.3515	0.3687	0.3818	0.3787	0.3838	0.3837	0.3805	0.3815	0.3802	0.3806	0.3789	0.3834	0.3852	0.3852	0.3831	0.3846	0.3841	0.3849	0.3903	0.3931	0.3981	0.4018	0.4028	0.4059	0.4049	0.4035	0.4038	0.408	0.4142	0.4221	0.4276	0.4245	0.4321	0.4392	0.4429	0.4385	0.4478
D8	0.0932	0.0901	0.0883	0.0882	0.0881	0.0896	0.0914	0.0875	0.0868	0.0894	0.0872	0.0873	0.0895	0.0882	0.0886	0.0916	0.0991	0.095	0.0999	0.1072	0.1137	0.1336	0.1465	0.1788	0.2011	0.2366	0.2757	0.3374	0.3513	0.3715	0.3836	0.3824	0.3835	0.3822	0.3787	0.3826	0.3773	0.3791	0.3808	0.3841	0.3832	0.383	0.38	0.3803	0.381	0.3869	0.3944	0.3941	0.3998	0.404	0.4005	0.4045	0.4074	0.4075	0.4055	0.4128	0.4129	0.4287	0.4295	0.427	0.4351	0.4366	0.438	0.4368	0.4406
D9	0.0936	0.0967	0.0953	0.0931	0.0918	0.0921	0.094	0.1008	0.0983	0.0877	0.0939	0.0919	0.1006	0.0972	0.0963	0.0913	0.0955	0.1029	0.1025	0.1127	0.1139	0.1346	0.1393	0.1628	0.2011	0.2602	0.3212	0.3626	0.3893	0.4088	0.4228	0.4474	0.4629	0.4795	0.4984	0.5206	0.5374	0.5508	0.5602	0.5705	0.5842	0.5907	0.5998	0.6012	0.6079	0.611	0.617	0.6215	0.6315	0.6349	0.6404	0.6391	0.6426	0.6399	0.6376	0.6479	0.6503	0.6567	0.6617	0.6623	0.6628	0.6737	0.6787	0.6746	0.6819
D10	0.0902	0.0894	0.0939	0.0881	0.0873	0.0908	0.0939	0.0995	0.1005	0.0978	0.0966	0.0928	0.0889	0.1011	0.0967	0.1016	0.1006	0.0988	0.1007	0.1113	0.1231	0.1219	0.1313	0.1477	0.2117	0.2453	0.258	0.3019	0.3422	0.3906	0.4253	0.4523	0.4628	0.4798	0.4944	0.5167	0.535	0.5528	0.5605	0.5716	0.5812	0.5904	0.5965	0.6013	0.6085	0.6115	0.6152	0.6193	0.6295	0.6362	0.6387	0.6379	0.643	0.6414	0.6377	0.6475	0.6529	0.6569	0.6649	0.6673	0.6656	0.6752	0.6822	0.679	0.6806
D11	0.0883	0.0869	0.0858	0.0892	0.0856	0.0894	0.0951	0.0978	0.0965	0.0991	0.0973	0.0997	0.0942	0.0977	0.1004	0.1057	0.1033	0.1022	0.1081	0.1102	0.1152	0.1151	0.1416	0.1435	0.17	0.2068	0.2506	0.3151	0.36	0.3806	0.4052	0.4436	0.4789	0.5104	0.5306	0.5401	0.543	0.5465	0.5559	0.5667	0.5687	0.5769	0.5804	0.5801	0.5877	0.5877	0.5941	0.6007	0.6079	0.6138	0.6141	0.6141	0.6148	0.6143	0.6122	0.6191	0.6299	0.6323	0.6356	0.6385	0.643	0.6501	0.6624	0.6609	0.6599
D12	0.0947	0.0912	0.0937	0.0955	0.0907	0.0935	0.0906	0.0947	0.0904	0.0935	0.0888	0.1004	0.0965	0.0959	0.0975	0.0914	0.0959	0.0969	0.11	0.1157	0.094	0.096	0.1526	0.1563	0.1909	0.2267	0.2587	0.2958	0.3583	0.3851	0.3846	0.4238	0.4559	0.4866	0.5084	0.5184	0.523	0.5289	0.5357	0.5478	0.5524	0.5558	0.5579	0.5618	0.5689	0.5702	0.577	0.5844	0.5924	0.5995	0.6023	0.6024	0.6064	0.6063	0.608	0.6115	0.6119	0.6213	0.6224	0.6208	0.6265	0.6296	0.6276	0.6196	0.6247
E1	0.0942	0.0937	0.0954	0.0926	0.0927	0.0956	0.0956	0.0947	0.0918	0.0937	0.0921	0.0935	0.0944	0.0953	0.0971	0.0978	0.099	0.1026	0.1155	0.1204	0.1469	0.1603	0.1958	0.2625	0.3093	0.3689	0.4178	0.4534	0.4802	0.4752	0.4758	0.4722	0.4743	0.4785	0.4785	0.4797	0.479	0.4804	0.4834	0.4894	0.4918	0.494	0.4983	0.5017	0.5067	0.5098	0.5174	0.5227	0.5264	0.5325	0.5358	0.5388	0.5388	0.5384	0.5387	0.5459	0.5552	0.5665	0.5725	0.575	0.581	0.5865	0.592	0.5962	0.602
E2	0.0953	0.0992	0.0978	0.0951	0.0988	0.0975	0.0967	0.0952	0.0949	0.0962	0.0939	0.0936	0.0925	0.0921	0.0943	0.0928	0.0976	0.1013	0.1057	0.1187	0.1351	0.1541	0.1945	0.2512	0.3243	0.3824	0.4272	0.4579	0.4846	0.4777	0.4764	0.4739	0.4771	0.4776	0.4832	0.4805	0.4845	0.4847	0.4862	0.4921	0.4987	0.4973	0.5005	0.5071	0.5087	0.5143	0.5192	0.5236	0.5331	0.5425	0.5509	0.5459	0.558	0.5576	0.5564	0.5669	0.5778	0.5824	0.5951	0.5948	0.6	0.605	0.6073	0.6055	0.6118
E3	0.0923	0.0911	0.09	0.0897	0.0898	0.0894	0.0907	0.0907	0.0918	0.0914	0.0942	0.0906	0.0928	0.0939	0.0953	0.1008	0.1079	0.1171	0.1346	0.1586	0.1955	0.2579	0.3355	0.3833	0.4252	0.4548	0.4694	0.4666	0.4629	0.4633	0.4648	0.4643	0.4684	0.4769	0.4772	0.477	0.4806	0.4797	0.4813	0.4891	0.4931	0.4971	0.502	0.5093	0.5126	0.5199	0.5295	0.5358	0.5471	0.5579	0.5611	0.5634	0.5686	0.5649	0.5647	0.5723	0.5782	0.5845	0.592	0.5905	0.599	0.6035	0.606	0.6045	0.6139
E4	0.0907	0.0891	0.0879	0.0868	0.0875	0.0893	0.0895	0.0899	0.0879	0.0903	0.0881	0.0922	0.0904	0.0934	0.0984	0.1013	0.1089	0.1214	0.1359	0.1674	0.2055	0.2646	0.3381	0.3908	0.4313	0.4579	0.4768	0.4722	0.4714	0.4679	0.4715	0.4758	0.4787	0.4816	0.4839	0.4891	0.486	0.4881	0.4963	0.5036	0.5062	0.5092	0.5208	0.5216	0.5332	0.5415	0.5511	0.5608	0.5685	0.5804	0.5814	0.5824	0.5869	0.5888	0.5838	0.5883	0.5899	0.6025	0.6018	0.5997	0.6103	0.6145	0.6171	0.6153	0.6228
E5	0.0929	0.0906	0.0921	0.094	0.0922	0.0922	0.0928	0.0906	0.0896	0.0886	0.0899	0.0889	0.0876	0.0886	0.087	0.0888	0.0885	0.0893	0.0896	0.0888	0.096	0.0933	0.0968	0.1069	0.1071	0.1193	0.1268	0.1436	0.1753	0.2046	0.2424	0.274	0.3198	0.3473	0.3798	0.3996	0.4121	0.4215	0.4307	0.4414	0.4483	0.4489	0.4517	0.4542	0.4533	0.4601	0.4659	0.4671	0.4779	0.491	0.4899	0.4976	0.4995	0.4996	0.5009	0.5019	0.5021	0.5075	0.5108	0.5069	0.5168	0.521	0.5237	0.5239	0.5297
E6	0.0955	0.0933	0.09	0.0929	0.0928	0.0942	0.0926	0.0946	0.0901	0.0907	0.0873	0.0907	0.0939	0.0903	0.0901	0.0915	0.0929	0.0966	0.0908	0.0895	0.1001	0.0943	0.104	0.1086	0.1087	0.1177	0.127	0.1448	0.1687	0.2115	0.246	0.2817	0.3223	0.3578	0.3861	0.4052	0.4186	0.429	0.4307	0.4441	0.4523	0.4541	0.4545	0.459	0.4541	0.4642	0.4666	0.4683	0.4787	0.4896	0.4906	0.495	0.4974	0.4981	0.4991	0.502	0.5039	0.5066	0.5094	0.5074	0.5138	0.5181	0.5213	0.5219	0.5301
E7	0.1011	0.0956	0.0907	0.0881	0.0896	0.0914	0.0917	0.0902	0.0892	0.0879	0.0902	0.0916	0.0916	0.0903	0.0915	0.0944	0.097	0.0973	0.0982	0.1027	0.1178	0.1227	0.1413	0.1687	0.1981	0.2463	0.2795	0.3313	0.3502	0.371	0.3839	0.3808	0.3837	0.3808	0.3797	0.3816	0.3758	0.3784	0.3767	0.3837	0.3901	0.3846	0.3821	0.3831	0.3821	0.3901	0.3933	0.3937	0.3988	0.4057	0.4044	0.4079	0.4118	0.4066	0.4131	0.4151	0.4194	0.4289	0.4359	0.435	0.4422	0.4429	0.4432	0.4426	0.453
E8	0.094	0.0902	0.0907	0.089	0.0903	0.0869	0.0903	0.0879	0.0884	0.0871	0.0902	0.0875	0.0896	0.0882	0.0898	0.0887	0.0913	0.095	0.0957	0.1029	0.1107	0.1272	0.1485	0.1648	0.1885	0.2324	0.2675	0.3225	0.3418	0.3655	0.3805	0.3797	0.381	0.3818	0.3796	0.3797	0.3782	0.3774	0.3783	0.3835	0.3841	0.3869	0.3817	0.3862	0.3847	0.3935	0.3967	0.4015	0.4057	0.4093	0.411	0.4133	0.4139	0.4138	0.4157	0.4223	0.427	0.4373	0.4407	0.4408	0.4461	0.4484	0.4524	0.455	0.4619
E9	0.0896	0.0944	0.0952	0.0967	0.0944	0.0992	0.0996	0.0991	0.0969	0.1017	0.0947	0.1056	0.098	0.0949	0.1076	0.0913	0.1045	0.1024	0.1185	0.102	0.12	0.1214	0.143	0.1754	0.1982	0.2733	0.3112	0.3437	0.3714	0.3924	0.4234	0.449	0.4634	0.4793	0.4976	0.5183	0.5361	0.5496	0.5574	0.5688	0.5768	0.5886	0.5946	0.5973	0.6033	0.6079	0.615	0.6211	0.6304	0.6354	0.6395	0.6375	0.6438	0.6427	0.6413	0.648	0.6516	0.661	0.662	0.6614	0.6687	0.6763	0.68	0.682	0.6825
E10	0.0909	0.0929	0.0945	0.1009	0.0935	0.0961	0.0947	0.0957	0.104	0.0972	0.1012	0.1053	0.0929	0.0988	0.1046	0.099	0.1146	0.0999	0.1075	0.1055	0.1181	0.1333	0.1342	0.1549	0.1883	0.2342	0.2818	0.3378	0.3609	0.3949	0.4218	0.4346	0.4527	0.4669	0.487	0.5093	0.5282	0.5474	0.5535	0.5651	0.5742	0.5825	0.5858	0.5923	0.6008	0.6015	0.607	0.6121	0.6241	0.6293	0.6322	0.6349	0.642	0.6393	0.6366	0.645	0.6508	0.6565	0.6631	0.6642	0.6703	0.6758	0.6778	0.6742	0.6768
E11	0.3099	0.3182	0.3103	0.3134	0.3257	0.2988	0.3106	0.3055	0.2903	0.3139	0.3121	0.3232	0.3518	0.3359	0.2886	0.3206	0.2901	0.3516	0.3287	0.3682	0.3689	0.3889	0.3586	0.1361	0.1598	0.1902	0.2353	0.2882	0.3395	0.3636	0.4141	0.4562	0.4852	0.5149	0.5343	0.5446	0.5476	0.5524	0.5592	0.5705	0.5748	0.579	0.5819	0.5867	0.5906	0.5959	0.6028	0.6037	0.6122	0.6189	0.6211	0.6222	0.6257	0.6234	0.6222	0.629	0.6369	0.639	0.6438	0.6476	0.6508	0.6599	0.6644	0.6597	0.6654
E12	0.097	0.0919	0.0945	0.0915	0.0949	0.0969	0.0921	0.0951	0.0929	0.0995	0.0984	0.0981	0.1004	0.0927	0.0935	0.0868	0.1115	0.098	0.0969	0.0906	0.0938	0.1055	0.1326	0.1233	0.1644	0.1946	0.204	0.3056	0.3711	0.3826	0.3738	0.4153	0.448	0.4749	0.4984	0.5132	0.519	0.5286	0.5364	0.5505	0.5529	0.5562	0.561	0.5592	0.5692	0.566	0.5813	0.5853	0.5914	0.5967	0.6036	0.5998	0.6066	0.6041	0.6042	0.6065	0.6087	0.6216	0.6175	0.6204	0.626	0.625	0.6203	0.623	0.6256
F1	0.0947	0.094	0.0931	0.0929	0.0925	0.0919	0.0931	0.0934	0.0934	0.0934	0.0933	0.0936	0.0942	0.0928	0.0938	0.0942	0.0978	0.103	0.1098	0.121	0.1313	0.1572	0.1985	0.2538	0.3202	0.3785	0.4284	0.4629	0.4947	0.4849	0.4863	0.4878	0.4874	0.4915	0.4906	0.4949	0.4952	0.4961	0.4944	0.5022	0.5063	0.5104	0.5127	0.517	0.5245	0.5341	0.5441	0.553	0.5608	0.5711	0.5734	0.5776	0.5824	0.5743	0.5769	0.5813	0.5806	0.5867	0.5924	0.5946	0.6024	0.6029	0.6087	0.6028	0.6149
F2	0.0922	0.0904	0.0905	0.09	0.0912	0.0906	0.094	0.0921	0.0925	0.0918	0.0917	0.0895	0.09	0.093	0.0913	0.0924	0.0948	0.0996	0.1059	0.1143	0.1304	0.1585	0.1889	0.2577	0.3329	0.3955	0.4446	0.4708	0.505	0.4983	0.497	0.4979	0.4959	0.4984	0.4935	0.5012	0.497	0.5008	0.5036	0.5118	0.5142	0.5145	0.5248	0.5231	0.5323	0.5443	0.5529	0.565	0.5786	0.5897	0.5888	0.5972	0.6036	0.6056	0.6034	0.6059	0.6126	0.6181	0.6252	0.6213	0.63	0.6351	0.6399	0.634	0.6425
F3	0.0953	0.0929	0.0927	0.0923	0.0927	0.0928	0.0929	0.0926	0.0925	0.0936	0.0954	0.0954	0.0964	0.0954	0.0974	0.1013	0.1054	0.1169	0.1358	0.1588	0.1931	0.2562	0.3368	0.3871	0.4394	0.4588	0.49	0.4849	0.4796	0.4786	0.4782	0.4817	0.4791	0.4844	0.4893	0.4931	0.4898	0.4923	0.4959	0.5046	0.5075	0.5111	0.524	0.5375	0.5507	0.5563	0.5679	0.577	0.5836	0.5953	0.5991	0.5987	0.6013	0.5974	0.5971	0.6001	0.6071	0.6139	0.6167	0.6134	0.6236	0.6273	0.6297	0.6278	0.6373
F4	0.0943	0.0917	0.0919	0.0921	0.0916	0.0908	0.0944	0.0955	0.0957	0.0916	0.0954	0.0948	0.0962	0.0989	0.1035	0.1083	0.1038	0.1228	0.1301	0.1632	0.1942	0.2699	0.3428	0.3935	0.4378	0.4628	0.4904	0.4926	0.4814	0.4799	0.48	0.4822	0.4817	0.4867	0.4963	0.4957	0.4957	0.4951	0.4984	0.505	0.5117	0.5166	0.5295	0.5421	0.554	0.561	0.575	0.5823	0.5888	0.5988	0.5986	0.6008	0.6029	0.5997	0.5974	0.601	0.6042	0.612	0.6175	0.6126	0.6201	0.6261	0.6291	0.625	0.6324
F5	0.0969	0.0926	0.0932	0.0928	0.0929	0.0938	0.0941	0.094	0.0936	0.0923	0.0946	0.0939	0.0926	0.0949	0.0942	0.0928	0.0932	0.093	0.0939	0.0949	0.0958	0.099	0.1004	0.1089	0.1375	0.1456	0.1533	0.1629	0.2003	0.2187	0.2527	0.2895	0.3211	0.3594	0.3853	0.4075	0.4104	0.431	0.4289	0.4469	0.4499	0.4519	0.4539	0.4622	0.4594	0.4694	0.4703	0.4743	0.4901	0.5003	0.4982	0.5052	0.509	0.5056	0.5042	0.5078	0.5078	0.5111	0.5174	0.5147	0.5207	0.5258	0.5302	0.5304	0.539
F6	0.0959	0.0914	0.0907	0.0907	0.0911	0.0901	0.0913	0.0893	0.0936	0.0914	0.093	0.0929	0.0909	0.0929	0.0928	0.0934	0.0938	0.0948	0.0925	0.0898	0.09	0.0965	0.0973	0.108	0.1179	0.1113	0.1194	0.1371	0.1779	0.2144	0.2495	0.285	0.3159	0.3522	0.3846	0.4041	0.4085	0.4238	0.4225	0.4411	0.4451	0.4463	0.4469	0.4562	0.4528	0.4612	0.4633	0.4683	0.4783	0.4911	0.4878	0.4935	0.5	0.496	0.4969	0.503	0.5046	0.5028	0.5107	0.5059	0.5163	0.5207	0.5221	0.5215	0.5295
F7	0.0957	0.0906	0.089	0.0888	0.0882	0.0893	0.0897	0.0892	0.0883	0.0876	0.0899	0.0886	0.0886	0.0894	0.0904	0.0927	0.0911	0.0929	0.1038	0.1016	0.112	0.127	0.1488	0.1755	0.1876	0.2285	0.2674	0.3256	0.3412	0.3603	0.3781	0.3842	0.3817	0.3831	0.381	0.3816	0.3806	0.3829	0.3794	0.3852	0.3876	0.3881	0.3869	0.3868	0.3946	0.3983	0.4	0.4018	0.4089	0.4172	0.4186	0.42	0.4258	0.4211	0.4229	0.4311	0.432	0.4394	0.4447	0.4396	0.4476	0.4531	0.4569	0.4579	0.4678
F8	0.0956	0.0897	0.0896	0.0893	0.0895	0.093	0.0916	0.0944	0.0886	0.095	0.0901	0.0919	0.0911	0.092	0.0951	0.091	0.0938	0.0926	0.0966	0.1036	0.1155	0.1255	0.1503	0.1645	0.1895	0.2244	0.2731	0.3276	0.3453	0.3638	0.3826	0.3874	0.3846	0.384	0.3797	0.3806	0.3783	0.3802	0.378	0.386	0.3852	0.3879	0.3833	0.3822	0.3875	0.3943	0.3982	0.3985	0.4046	0.4077	0.4111	0.4143	0.4186	0.4172	0.4201	0.4282	0.431	0.4401	0.4447	0.4394	0.4495	0.4554	0.4592	0.46	0.471
F9	0.0884	0.0878	0.0859	0.0867	0.0876	0.0876	0.0882	0.0885	0.0953	0.0933	0.1009	0.0959	0.099	0.0988	0.1032	0.0993	0.0937	0.0924	0.0984	0.1107	0.1147	0.1201	0.1373	0.1549	0.185	0.2378	0.3038	0.3647	0.3738	0.3877	0.4196	0.4459	0.4618	0.4741	0.4952	0.5198	0.536	0.5514	0.563	0.5736	0.5827	0.5895	0.5973	0.6022	0.6091	0.6136	0.6173	0.6189	0.6286	0.6366	0.641	0.6424	0.6483	0.6467	0.6428	0.6508	0.6556	0.664	0.6695	0.6661	0.676	0.6804	0.6816	0.6757	0.6817
F10	0.0885	0.0857	0.0896	0.089	0.0855	0.0911	0.0933	0.0951	0.088	0.089	0.0899	0.0971	0.0964	0.1023	0.0857	0.0974	0.1028	0.0927	0.1039	0.111	0.1023	0.1158	0.1392	0.1456	0.1761	0.2388	0.2775	0.3521	0.3905	0.3803	0.4231	0.446	0.4645	0.4823	0.4972	0.5184	0.5396	0.5536	0.5622	0.5751	0.5823	0.588	0.5933	0.6006	0.6072	0.6147	0.6179	0.6238	0.6304	0.6413	0.6444	0.6455	0.6523	0.6505	0.6487	0.6558	0.6598	0.6683	0.6776	0.676	0.6797	0.6798	0.6842	0.6781	0.6843
F11	0.0964	0.0917	0.0959	0.0952	0.0898	0.0884	0.0979	0.0904	0.0986	0.1034	0.0922	0.0895	0.0945	0.0992	0.0969	0.0991	0.1012	0.097	0.1075	0.1043	0.1081	0.1158	0.1383	0.1568	0.175	0.2159	0.2619	0.3296	0.3721	0.3826	0.4035	0.445	0.4803	0.5128	0.5341	0.5427	0.5468	0.5547	0.5612	0.5727	0.5778	0.5801	0.5853	0.5903	0.5965	0.6009	0.6099	0.6143	0.6202	0.6232	0.6303	0.6338	0.6381	0.6346	0.635	0.6405	0.6462	0.6532	0.6587	0.6609	0.6682	0.6711	0.671	0.6688	0.6721
F12	0.0953	0.0935	0.0917	0.0953	0.09	0.0966	0.0973	0.0906	0.0889	0.0953	0.0995	0.0957	0.1067	0.1115	0.0995	0.101	0.0923	0.1012	0.1151	0.1027	0.1101	0.0994	0.1534	0.1498	0.158	0.2172	0.2472	0.3188	0.3673	0.361	0.3747	0.4221	0.4534	0.49	0.5097	0.5226	0.5312	0.5365	0.5436	0.5576	0.5623	0.5655	0.5699	0.5743	0.5788	0.5859	0.5909	0.5958	0.6025	0.6118	0.6146	0.6203	0.6241	0.622	0.6225	0.6273	0.6286	0.6369	0.6412	0.6409	0.6488	0.6489	0.6504	0.6481	0.6537
G1	0.0895	0.0934	0.0936	0.0926	0.0921	0.0881	0.0916	0.0919	0.093	0.0927	0.0896	0.0931	0.0941	0.0912	0.0913	0.0989	0.0957	0.0989	0.1043	0.1148	0.1263	0.1474	0.1816	0.2367	0.2967	0.3445	0.3951	0.4363	0.4845	0.4732	0.4723	0.4736	0.477	0.4858	0.4867	0.4909	0.4936	0.5003	0.5076	0.5209	0.5331	0.5431	0.5534	0.5606	0.5683	0.5727	0.5785	0.5834	0.5907	0.5961	0.5974	0.5983	0.6003	0.5963	0.5924	0.5981	0.5989	0.6051	0.6046	0.6034	0.608	0.6132	0.614	0.6091	0.6087
G2	0.0956	0.0921	0.0912	0.0907	0.0913	0.0892	0.0915	0.093	0.0923	0.0905	0.0908	0.0925	0.0907	0.0915	0.0928	0.0936	0.0965	0.1044	0.1064	0.113	0.1267	0.1498	0.1796	0.2402	0.3138	0.3763	0.4183	0.4634	0.5084	0.4882	0.4883	0.4853	0.4888	0.4918	0.4968	0.4972	0.5009	0.501	0.5058	0.513	0.5187	0.5231	0.5314	0.5393	0.5494	0.5566	0.57	0.5861	0.5865	0.5945	0.6015	0.6017	0.6044	0.6023	0.6037	0.6093	0.6133	0.6189	0.623	0.6228	0.6279	0.6352	0.6381	0.6367	0.6428
G3	0.093	0.0903	0.0903	0.0901	0.0906	0.0894	0.0913	0.091	0.0913	0.0905	0.0912	0.0952	0.0935	0.1018	0.0945	0.103	0.1074	0.1196	0.1331	0.1546	0.1945	0.2476	0.3248	0.3728	0.4249	0.4556	0.5007	0.485	0.4806	0.4851	0.4868	0.4857	0.4949	0.4978	0.4997	0.4972	0.5036	0.5079	0.511	0.5239	0.5293	0.5405	0.5438	0.5576	0.5638	0.5759	0.5835	0.5933	0.593	0.5993	0.6033	0.6055	0.6055	0.5986	0.6021	0.6039	0.6094	0.6207	0.6234	0.6209	0.6238	0.629	0.6304	0.6313	0.6438
G4	0.091	0.0894	0.0874	0.0863	0.0874	0.088	0.0884	0.0893	0.0898	0.0884	0.0902	0.0915	0.0921	0.0903	0.0928	0.1019	0.1063	0.1182	0.1294	0.1576	0.1878	0.2492	0.3184	0.3799	0.4304	0.4551	0.5027	0.4861	0.4846	0.486	0.4885	0.4897	0.4951	0.4981	0.5019	0.5113	0.5084	0.5137	0.5246	0.535	0.5371	0.5435	0.5634	0.5663	0.5751	0.5817	0.5889	0.5933	0.6052	0.6092	0.6086	0.6107	0.6121	0.61	0.6065	0.6102	0.6137	0.6266	0.6316	0.624	0.6342	0.6363	0.6398	0.638	0.6448
G5	0.0925	0.0902	0.09	0.0897	0.0906	0.0899	0.0906	0.0892	0.0882	0.092	0.092	0.0923	0.093	0.0923	0.0928	0.0922	0.0926	0.0945	0.0931	0.0954	0.0915	0.0949	0.1011	0.1068	0.1096	0.1186	0.1242	0.1404	0.1704	0.2098	0.2451	0.2846	0.3132	0.3506	0.3802	0.405	0.4072	0.4257	0.4281	0.4438	0.4445	0.4501	0.453	0.4623	0.4661	0.4712	0.4776	0.4875	0.5005	0.5027	0.5107	0.5132	0.515	0.5112	0.5103	0.5136	0.5146	0.5218	0.5264	0.5259	0.5335	0.5389	0.5447	0.5454	0.5511
G6	0.0923	0.0929	0.0905	0.0892	0.0923	0.0916	0.0911	0.0908	0.096	0.0907	0.0921	0.0972	0.0924	0.0908	0.0937	0.0938	0.0929	0.0906	0.0931	0.0922	0.0924	0.094	0.1029	0.1056	0.1154	0.1115	0.1259	0.1376	0.1643	0.2072	0.2394	0.2735	0.3089	0.3455	0.3779	0.3973	0.4068	0.4187	0.4239	0.438	0.4423	0.4497	0.4501	0.4577	0.4635	0.4657	0.4722	0.4817	0.4965	0.5021	0.5065	0.511	0.5136	0.5082	0.5066	0.5092	0.5117	0.5175	0.522	0.5241	0.5263	0.5287	0.539	0.5405	0.5459
G7	0.0976	0.0958	0.0956	0.0955	0.0959	0.0939	0.0946	0.0949	0.0949	0.0949	0.0958	0.0917	0.0918	0.0926	0.0962	0.0939	0.0953	0.1006	0.1007	0.107	0.1163	0.124	0.135	0.1484	0.1864	0.2196	0.2646	0.3041	0.3268	0.3502	0.3725	0.3795	0.3816	0.3805	0.3811	0.3796	0.3781	0.38	0.3791	0.3811	0.3865	0.384	0.3864	0.3913	0.3947	0.3962	0.4029	0.4088	0.4127	0.4205	0.42	0.4254	0.4241	0.4289	0.432	0.4358	0.4389	0.4435	0.4514	0.4506	0.4558	0.4661	0.466	0.4688	0.4769
G8	0.0923	0.0929	0.0914	0.0912	0.092	0.0925	0.0926	0.0908	0.0902	0.0925	0.092	0.0943	0.0941	0.0933	0.0959	0.0937	0.0936	0.096	0.1001	0.1045	0.1182	0.1256	0.1369	0.1536	0.1827	0.2211	0.2627	0.31	0.3351	0.3548	0.375	0.3813	0.385	0.3835	0.382	0.3822	0.3812	0.3849	0.381	0.3859	0.389	0.3873	0.3864	0.3949	0.3974	0.4016	0.4061	0.4092	0.4135	0.4206	0.4252	0.4292	0.4328	0.4333	0.4354	0.4414	0.4471	0.4528	0.4586	0.4574	0.4632	0.4698	0.4716	0.471	0.4791
G9	0.0942	0.092	0.0872	0.0915	0.0985	0.0959	0.0994	0.0978	0.1017	0.0983	0.091	0.0945	0.1021	0.0908	0.0919	0.0872	0.1013	0.0995	0.0946	0.1013	0.1052	0.1209	0.1317	0.1534	0.179	0.2339	0.2671	0.3437	0.361	0.378	0.4126	0.4404	0.4575	0.4724	0.4991	0.5225	0.5414	0.5536	0.5607	0.5727	0.582	0.5894	0.5958	0.6011	0.6047	0.6104	0.6197	0.6214	0.6318	0.6393	0.643	0.6494	0.6507	0.6483	0.6499	0.6506	0.6576	0.6647	0.673	0.6755	0.6829	0.6786	0.6804	0.6774	0.6853
G10	0.0894	0.0943	0.0951	0.0952	0.0998	0.0953	0.0957	0.0998	0.0884	0.0894	0.0935	0.1	0.0947	0.0979	0.0951	0.0959	0.0998	0.1044	0.0961	0.1015	0.1254	0.1237	0.1318	0.1532	0.1847	0.2185	0.293	0.3591	0.3668	0.4119	0.4483	0.4572	0.4537	0.4689	0.4937	0.5144	0.5374	0.5543	0.558	0.572	0.5808	0.5839	0.5935	0.5965	0.6071	0.6086	0.6194	0.623	0.6303	0.6403	0.6451	0.6507	0.6538	0.6514	0.6515	0.6547	0.6625	0.6738	0.6795	0.6766	0.6811	0.6799	0.6814	0.6785	0.6823
G11	0.0977	0.0921	0.0923	0.0902	0.0925	0.0975	0.0963	0.0934	0.0926	0.1002	0.0949	0.0971	0.1012	0.1042	0.0992	0.1052	0.0982	0.0952	0.106	0.1137	0.1261	0.1283	0.1304	0.1557	0.1768	0.196	0.2591	0.3042	0.3776	0.3671	0.3885	0.4402	0.4717	0.5047	0.5267	0.5415	0.5454	0.5535	0.5563	0.5684	0.5767	0.5806	0.5858	0.5906	0.5939	0.5999	0.6062	0.6105	0.6152	0.625	0.6286	0.6371	0.6371	0.6371	0.6358	0.6392	0.6477	0.6541	0.6612	0.6652	0.6687	0.6684	0.6684	0.6649	0.6748
G12	0.097	0.0905	0.0925	0.0991	0.0967	0.0902	0.1016	0.0994	0.096	0.0946	0.099	0.0916	0.089	0.0936	0.0979	0.0959	0.0966	0.0977	0.1109	0.1129	0.0934	0.1037	0.1302	0.1411	0.172	0.1951	0.2458	0.2939	0.3501	0.3605	0.3807	0.4245	0.4604	0.4893	0.513	0.5274	0.5356	0.5427	0.5494	0.5624	0.5675	0.5714	0.5804	0.5857	0.5906	0.5927	0.6055	0.6115	0.6099	0.6222	0.6247	0.6287	0.6305	0.6295	0.632	0.6382	0.6448	0.6519	0.6615	0.6585	0.6636	0.6628	0.6627	0.6581	0.6732
H1	0.0922	0.0893	0.0888	0.087	0.0879	0.0876	0.0885	0.0881	0.0886	0.0872	0.0879	0.0893	0.0885	0.0908	0.0903	0.0939	0.0942	0.0974	0.1019	0.1099	0.1217	0.1459	0.1754	0.2243	0.2776	0.3442	0.3748	0.4182	0.4567	0.4744	0.4732	0.4763	0.4774	0.4778	0.4823	0.4884	0.4937	0.5008	0.5064	0.5162	0.5232	0.5305	0.537	0.5419	0.5403	0.5408	0.5414	0.5464	0.5507	0.557	0.5558	0.5518	0.5504	0.5363	0.5403	0.5327	0.5361	0.5364	0.5395	0.5357	0.5384	0.5408	0.5388	0.5339	0.5305
H2	0.0897	0.0899	0.0893	0.0879	0.0898	0.09	0.091	0.0902	0.0911	0.0891	0.0888	0.0889	0.0914	0.0909	0.0927	0.0925	0.0942	0.1008	0.1035	0.111	0.1235	0.1431	0.1789	0.2306	0.2966	0.3459	0.3886	0.4265	0.4714	0.481	0.4805	0.481	0.4796	0.4904	0.4961	0.5035	0.5056	0.5114	0.5213	0.5338	0.5377	0.5441	0.5543	0.5594	0.5646	0.5678	0.579	0.5832	0.59	0.5944	0.5946	0.5965	0.596	0.594	0.5894	0.5928	0.5886	0.6001	0.6051	0.5956	0.602	0.6049	0.6019	0.5919	0.5897
H3	0.0915	0.0914	0.0902	0.089	0.0909	0.0911	0.0925	0.0912	0.0889	0.0877	0.0886	0.0937	0.0955	0.0932	0.0966	0.0958	0.1019	0.1112	0.1216	0.1425	0.1736	0.2302	0.2909	0.3522	0.3815	0.417	0.464	0.4722	0.4718	0.4631	0.4716	0.475	0.479	0.486	0.4926	0.4993	0.4983	0.5054	0.5131	0.5289	0.537	0.5402	0.5498	0.5567	0.5639	0.567	0.572	0.5756	0.5834	0.5881	0.5853	0.5863	0.588	0.5817	0.5767	0.58	0.5791	0.5845	0.5942	0.5936	0.5872	0.5892	0.5848	0.5745	0.5786
H4	0.0919	0.0885	0.0865	0.0848	0.0877	0.0871	0.088	0.0869	0.0882	0.0876	0.0878	0.0913	0.09	0.0913	0.094	0.104	0.1021	0.1121	0.1251	0.1469	0.1775	0.2337	0.3092	0.3594	0.4106	0.4328	0.4853	0.4927	0.4845	0.4838	0.4841	0.4817	0.4873	0.4895	0.4995	0.5023	0.5053	0.5075	0.5147	0.5231	0.535	0.5435	0.5579	0.5663	0.5757	0.5793	0.5848	0.5893	0.5977	0.6045	0.6009	0.6009	0.6042	0.5974	0.5905	0.6028	0.6023	0.6138	0.6209	0.6145	0.618	0.6195	0.6293	0.626	0.6305
H5	0.0915	0.0907	0.0903	0.0884	0.0904	0.0882	0.0899	0.0898	0.0895	0.0904	0.0877	0.0909	0.0907	0.0893	0.0912	0.0898	0.0905	0.0908	0.0914	0.0921	0.0919	0.1096	0.112	0.1507	0.1218	0.1333	0.1329	0.1546	0.1969	0.1991	0.2345	0.2755	0.298	0.3396	0.3634	0.3889	0.3932	0.4024	0.4157	0.4253	0.4335	0.4367	0.4455	0.4514	0.4594	0.4668	0.4758	0.4842	0.4929	0.4998	0.5031	0.5044	0.5031	0.504	0.5039	0.5084	0.5133	0.5171	0.531	0.5263	0.5323	0.5412	0.549	0.5502	0.5542
H6	0.0908	0.09	0.0894	0.0867	0.0882	0.0887	0.0891	0.0896	0.0886	0.0902	0.09	0.0865	0.0876	0.0872	0.0877	0.0873	0.09	0.0876	0.0908	0.0896	0.0917	0.0924	0.1073	0.1015	0.1065	0.1127	0.1227	0.14	0.1727	0.2136	0.2365	0.2753	0.294	0.3368	0.3638	0.3861	0.3956	0.4001	0.4152	0.4247	0.4316	0.4363	0.4485	0.4555	0.4658	0.4745	0.4916	0.496	0.5057	0.5045	0.5058	0.5049	0.5027	0.5115	0.5067	0.5093	0.5204	0.5291	0.5304	0.5295	0.5304	0.5315	0.5297	0.528	0.5307
H7	0.0919	0.0924	0.0918	0.0923	0.0925	0.0892	0.0904	0.0889	0.0915	0.0919	0.0904	0.0902	0.0904	0.0905	0.0931	0.0936	0.096	0.0956	0.096	0.0997	0.1098	0.1145	0.1263	0.1367	0.1566	0.1832	0.217	0.2682	0.291	0.3213	0.3481	0.3651	0.3677	0.3657	0.3675	0.3672	0.3624	0.3689	0.3699	0.3694	0.3793	0.3777	0.3771	0.3828	0.3882	0.3825	0.3972	0.3922	0.3999	0.4111	0.4095	0.4218	0.4224	0.4203	0.4151	0.4132	0.4271	0.4237	0.4261	0.4353	0.4392	0.4412	0.4486	0.4401	0.4468
H8	0.0925	0.0914	0.0906	0.093	0.0907	0.0879	0.0927	0.0934	0.0917	0.0927	0.0925	0.0917	0.0923	0.093	0.0903	0.0888	0.0924	0.0931	0.0986	0.0993	0.1087	0.1138	0.1381	0.1487	0.1673	0.2051	0.2416	0.2952	0.3184	0.3456	0.368	0.3828	0.3791	0.379	0.3767	0.3778	0.3778	0.3785	0.3783	0.383	0.3917	0.3888	0.393	0.3947	0.3976	0.3999	0.4054	0.4111	0.4188	0.4288	0.4297	0.4378	0.4456	0.4415	0.4426	0.4473	0.4514	0.4592	0.4638	0.471	0.4729	0.479	0.4844	0.4856	0.4945
H9	0.0904	0.0978	0.0918	0.0975	0.0938	0.0946	0.0978	0.0963	0.1008	0.0948	0.1069	0.0943	0.0963	0.0988	0.0928	0.0999	0.1061	0.0951	0.1063	0.091	0.1176	0.1271	0.1079	0.1164	0.1476	0.1952	0.2612	0.3504	0.3789	0.4045	0.436	0.4266	0.4484	0.4564	0.4807	0.5131	0.5433	0.5545	0.5655	0.5782	0.586	0.589	0.5955	0.5981	0.6075	0.6075	0.6192	0.6225	0.6382	0.6417	0.6468	0.6513	0.6563	0.6576	0.6521	0.6609	0.6641	0.6785	0.6849	0.6799	0.6792	0.6895	0.6843	0.681	0.6886
H10	0.0923	0.0945	0.1004	0.095	0.097	0.0987	0.1014	0.1024	0.0956	0.1002	0.1027	0.0907	0.0964	0.098	0.0996	0.0986	0.1004	0.11	0.1072	0.1132	0.1164	0.1019	0.1303	0.1321	0.1479	0.2096	0.2913	0.3175	0.4073	0.4116	0.4558	0.4742	0.4913	0.4961	0.4883	0.5169	0.5501	0.5619	0.566	0.5799	0.5874	0.591	0.5959	0.6051	0.6137	0.6155	0.6236	0.6287	0.637	0.6478	0.6545	0.661	0.6626	0.6606	0.6556	0.667	0.6734	0.687	0.689	0.6856	0.6856	0.688	0.6881	0.6893	0.6961
H11	0.0933	0.0903	0.0874	0.0958	0.0898	0.0954	0.0897	0.0909	0.0943	0.0929	0.1055	0.0966	0.0972	0.095	0.0973	0.101	0.1068	0.1076	0.1132	0.0954	0.1145	0.0945	0.133	0.1435	0.1694	0.1912	0.2448	0.2958	0.3443	0.3762	0.3779	0.4258	0.4626	0.49	0.5196	0.5344	0.5378	0.5443	0.553	0.5632	0.5701	0.5722	0.5778	0.5853	0.5917	0.594	0.6067	0.614	0.6174	0.6235	0.6299	0.634	0.639	0.6379	0.6361	0.6395	0.6434	0.655	0.6623	0.6621	0.6688	0.6711	0.6749	0.67	0.6802
H12	0.0957	0.0902	0.0979	0.0909	0.1001	0.0896	0.0944	0.0928	0.0961	0.0921	0.0886	0.0939	0.0872	0.1021	0.0925	0.1093	0.0948	0.1006	0.0889	0.0881	0.0949	0.0941	0.1408	0.1702	0.1459	0.2102	0.2421	0.3018	0.3448	0.3601	0.3657	0.4173	0.45	0.4788	0.51	0.5226	0.5319	0.5405	0.5483	0.5589	0.5665	0.5681	0.572	0.5778	0.5863	0.5911	0.5997	0.6073	0.6148	0.6232	0.6276	0.6304	0.6342	0.6332	0.6348	0.6348	0.6396	0.6475	0.6534	0.652	0.6549	0.6588	0.665	0.6603	0.6557
